,Brand,model,variant,year,fuel,transmission,km driven,No of owners,location,price
0,Ford Figo (2012),Ford Figo (2012),1.5D Ambiente MT,Ford Figo (2012),DIESEL,MANUAL,79000.0 KM,2nd,"Chennai Central, Chennai","₹ 3,00,000"
1,Honda Jazz (2012),Honda Jazz (2012),V,Honda Jazz (2012),PETROL,MANUAL,88000.0 KM,1st,"Andheri East, Mumbai","₹ 3,25,000"
2,-,-,-,-,-,-,-,-,-,-
3,Maruti Suzuki Wagon R (2009),Maruti Suzuki Wagon R (2009),2006-2010 LXI Minor,Maruti Suzuki Wagon R (2009),PETROL,MANUAL,90000 KM,First,"Perumbadappu, Kochi","₹ 1,65,000"
4,Mahindra Scorpio (2008),Mahindra Scorpio (2008),2006-2009 SLX 2.6 Turbo 7 Str,Mahindra Scorpio (2008),DIESEL,MANUAL,125521 KM,First,"Chembur, Mumbai","₹ 2,70,000"
5,Bmw 5 Series (2010),Bmw 5 Series (2010),525d Sedan,Bmw 5 Series (2010),DIESEL,AUTOMATIC,"90,000 KM",2nd,"Sion West, Mumbai","₹ 11,75,000"
6,Mahindra Bolero Pik-Up (2019),Mahindra Bolero Pik-Up (2019),Others,Mahindra Bolero Pik-Up (2019),DIESEL,MANUAL,29122.0 KM,1st,"Kukatpally, Hyderabad","₹ 6,75,000"
7,Mahindra Scorpio (2006),Mahindra Scorpio (2006),Others,Mahindra Scorpio (2006),DIESEL,AUTOMATIC,"200,000 KM",2nd,"Sapta, Madhubani","₹ 1,60,000"
8,Hyundai I10 (2009),Hyundai I10 (2009),,Hyundai I10 (2009),CNG & HYBRIDS,--,60852.0 KM,--,"Paschim Vihar, Delhi","₹ 1,40,000"
9,Maruti Suzuki Swift Dzire Tour (2016),Maruti Suzuki Swift Dzire Tour (2016),LDI,Maruti Suzuki Swift Dzire Tour (2016),DIESEL,MANUAL,106000.0 KM,1st,"Marenahalli, Bengaluru","₹ 3,15,000"
10,Hyundai Santro Xing (2010),Hyundai Santro Xing (2010),GL LPG,Hyundai Santro Xing (2010),PETROL,MANUAL,"77,123 KM",4th,"Camp Patel Nagar, Hisar","₹ 1,31,000"
11,Hyundai Elite I20 (2018),Hyundai Elite I20 (2018),Asta 1.2,Hyundai Elite I20 (2018),PETROL,MANUAL,41571.0 KM,1st,"Kukatpally, Hyderabad","₹ 7,75,000"
12,Maruti Suzuki Alto K10 (2011),Maruti Suzuki Alto K10 (2011),LXI,Maruti Suzuki Alto K10 (2011),PETROL,MANUAL,"74,754 KM",1st,"Abhepur Beli, Rupnagar","₹ 2,50,000"
13,Ford Fiesta (2008),Ford Fiesta (2008),2004-2010 1.6 SXI ABS Duratec,Ford Fiesta (2008),DIESEL,MANUAL,"97,100 KM",2nd,"Theni Kammai, Theni Allinagaram","₹ 1,75,000"
14,Hyundai Santro Xing (2007),Hyundai Santro Xing (2007),XL,Hyundai Santro Xing (2007),PETROL,MANUAL,73383.0 KM,2nd,"Ali Vihar, Delhi","₹ 90,000"
15,Hyundai I10 (2008),Hyundai I10 (2008),Era,Hyundai I10 (2008),PETROL,MANUAL,61000.0 KM,2nd,"Banashankari Stage 3, Bengaluru","₹ 2,50,000"
16,Maruti Suzuki Swift Dzire (2018),Maruti Suzuki Swift Dzire (2018),AMT ZXI,Maruti Suzuki Swift Dzire (2018),PETROL,AUTOMATIC,12000.0 KM,1st,"Juhu, Mumbai","₹ 7,50,000"
17,Honda Jazz (2016),Honda Jazz (2016),1.2 V i VTEC,Honda Jazz (2016),PETROL,MANUAL,75000.0 KM,1st,"Nashik Road, Nashik","₹ 5,85,000"
18,Hyundai Fluidic Verna (2014),Hyundai Fluidic Verna (2014),1.6 CRDi SX,Hyundai Fluidic Verna (2014),DIESEL,MANUAL,76000.0 KM,2nd,"Anna Nagar, Chennai","₹ 5,50,000"
19,Honda Brio (2012),Honda Brio (2012),2011-2013 S MT,Honda Brio (2012),PETROL,MANUAL,90000 KM,Second,"Keshav Nagar, Pune","₹ 2,70,000"
20,Maruti Suzuki Alto (2007),Maruti Suzuki Alto (2007),LXi BS-IV,Maruti Suzuki Alto (2007),PETROL,MANUAL,50000 KM,First,"Danapur, Patna","₹ 1,09,999"
21,Hyundai Santro Xing (2007),Hyundai Santro Xing (2007),XO,Hyundai Santro Xing (2007),PETROL,MANUAL,"76,000 KM",2nd,"KTC Nagar, Tirunelveli","₹ 1,62,000"
22,Tata Others (2018),Tata Others (2018),,Tata Others (2018),DIESEL,MANUAL,"25,000 KM",3rd,"Gorwa, Vadodara","₹ 3,80,000"
23,Maruti Suzuki Swift (2015),Maruti Suzuki Swift (2015),VDI,Maruti Suzuki Swift (2015),DIESEL,MANUAL,66000.0 KM,1st,"Navrangpura, Ahmedabad","₹ 4,50,000"
24,-,-,-,-,-,-,-,-,-,-
25,Mahindra Xuv300 (2020),Mahindra Xuv300 (2020),W8 Option Diesel,Mahindra Xuv300 (2020),DIESEL,MANUAL,"5,000 KM",1st,"Biju Nagar, Jharsuguda","₹ 12,30,000"
26,Hyundai I20 Active (2016),Hyundai I20 Active (2016),SX Petrol,Hyundai I20 Active (2016),PETROL,MANUAL,"45,153 KM",1st,"Sector 16, Noida","₹ 5,70,000"
27,Honda Amaze (2019),Honda Amaze (2019),1.2 EMT I VTEC,Honda Amaze (2019),PETROL,MANUAL,3944.0 KM,1st,"Sector 16, Noida","₹ 5,75,000"
28,Hyundai Elite I20 (2019),Hyundai Elite I20 (2019),Sportz (O) 1.2,Hyundai Elite I20 (2019),PETROL,MANUAL,9100.0 KM,1st,"Sipara, Patna","₹ 6,90,000"
29,Ford Aspire (2018),Ford Aspire (2018),Trend Plus TDCi,Ford Aspire (2018),DIESEL,MANUAL,"170,000 KM",1st,"Kizhakkumpattukara, Thrissur","₹ 3,50,000"
30,Honda City Zx (2008),Honda City Zx (2008),GXi,Honda City Zx (2008),PETROL,MANUAL,"125,000 KM",1st,"Saibaba Colony, Coimbatore","₹ 2,70,000"
31,Volkswagen Polo (2010),Volkswagen Polo (2010),,Volkswagen Polo (2010),PETROL,MANUAL,63862.0 KM,--,"New Town-Action Area IID, Kolkata","₹ 2,50,000"
32,Hyundai Creta (2015),Hyundai Creta (2015),1.6 SX,Hyundai Creta (2015),DIESEL,MANUAL,62000.0 KM,2nd,"HBR Layout, Bengaluru","₹ 8,00,000"
33,Hyundai Elite I20 (2014),Hyundai Elite I20 (2014),Asta 1.4 CRDI,Hyundai Elite I20 (2014),DIESEL,MANUAL,85157.0 KM,--,"Kotturpuram Police Quarters, Chennai","₹ 5,45,000"
34,Hyundai Xcent (2020),Hyundai Xcent (2020),1.2 VTVT E Plus,Hyundai Xcent (2020),CNG,MANUAL,50000 KM,First,"Bhakti Park, Mumbai","₹ 5,85,000"
35,Toyota Innova (2010),Toyota Innova (2010),2.5 V 8 STR,Toyota Innova (2010),DIESEL,MANUAL,140000 KM,Fourth,"Tehsil Colony, Behat","₹ 4,00,000"
36,Maruti Suzuki Alto (2004),Maruti Suzuki Alto (2004),2000-2005 LXi BSII,Maruti Suzuki Alto (2004),PETROL,MANUAL,2 KM,3rd,"Attingal Avanavancherry, Attingal","₹ 78,000"
37,Maruti Suzuki Omni (2014),Maruti Suzuki Omni (2014),Others,Maruti Suzuki Omni (2014),PETROL,AUTOMATIC,"35,000 KM",1st,"Surkhi, Obra","₹ 1,50,000"
38,Hyundai I10 (2012),Hyundai I10 (2012),Magna,Hyundai I10 (2012),PETROL,MANUAL,50000.0 KM,1st,"Vaishali Sector 4, Ghaziabad","₹ 2,90,000"
39,Volkswagen Jetta (2009),Volkswagen Jetta (2009),2.0L TDI Highline,Volkswagen Jetta (2009),DIESEL,MANUAL,"146,854 KM",1st,"Sector 91, Mohali","₹ 1,70,000"
40,Mercedes-Benz Cla (2015),Mercedes-Benz Cla (2015),200 CDI Sport,Mercedes-Benz Cla (2015),DIESEL,AUTOMATIC,102000.0 KM,2nd,"Mannavu, Nenmenikkara","₹ 21,00,000"
41,Toyota Etios Liva (2015),Toyota Etios Liva (2015),2014-2016 GD,Toyota Etios Liva (2015),DIESEL,MANUAL,68000.0 KM,1st,"Madhapur, Hyderabad","₹ 4,95,000"
42,Audi A4 (2017),Audi A4 (2017),Others,Audi A4 (2017),DIESEL,AUTOMATIC,50400.0 KM,--,"Lavakusha Nagar, Bengaluru","₹ 33,50,000"
43,Hyundai Xcent (2020),Hyundai Xcent (2020),1.2 VTVT E Plus,Hyundai Xcent (2020),CNG,MANUAL,50000 KM,First,"Bhakti Park, Mumbai","₹ 5,85,000"
44,Toyota Innova (2010),Toyota Innova (2010),2.5 V 8 STR,Toyota Innova (2010),DIESEL,MANUAL,140000 KM,Fourth,"Tehsil Colony, Behat","₹ 4,00,000"
45,Maruti Suzuki Alto (2004),Maruti Suzuki Alto (2004),2000-2005 LXi BSII,Maruti Suzuki Alto (2004),PETROL,MANUAL,2 KM,3rd,"Attingal Avanavancherry, Attingal","₹ 78,000"
46,Maruti Suzuki Omni (2014),Maruti Suzuki Omni (2014),Others,Maruti Suzuki Omni (2014),PETROL,AUTOMATIC,"35,000 KM",1st,"Surkhi, Obra","₹ 1,50,000"
47,Mahindra Kuv 100 (2019),Mahindra Kuv 100 (2019),2016-2017 mFALCON G80 K2 Plus,Mahindra Kuv 100 (2019),PETROL,MANUAL,44000.0 KM,1st,"Southern Avenue, Kolkata","₹ 4,49,000"
48,Hyundai I10 (2012),Hyundai I10 (2012),Magna,Hyundai I10 (2012),PETROL,MANUAL,50000.0 KM,1st,"Vaishali Sector 4, Ghaziabad","₹ 2,90,000"
49,Volkswagen Jetta (2009),Volkswagen Jetta (2009),2.0L TDI Highline,Volkswagen Jetta (2009),DIESEL,MANUAL,"146,854 KM",1st,"Sector 91, Mohali","₹ 1,70,000"
50,Tata Tiago (2017),Tata Tiago (2017),1.2 Revotron XT,Tata Tiago (2017),PETROL,MANUAL,"30,000 KM",1st,"Ellahi Bagh, Srinagar","₹ 4,25,000"
51,Hyundai Grand I10 (2017),Hyundai Grand I10 (2017),1.2 CRDi Era,Hyundai Grand I10 (2017),DIESEL,MANUAL,"51,000 KM",1st,"LB Nagar, Hyderabad","₹ 3,20,000"
52,Chevrolet Beat (2014),Chevrolet Beat (2014),2014-2016 LT,Chevrolet Beat (2014),DIESEL,MANUAL,68523.0 KM,1st,"Sector 71, Noida","₹ 2,25,000"
53,Maruti Suzuki Baleno (2019),Maruti Suzuki Baleno (2019),Alpha Diesel,Maruti Suzuki Baleno (2019),DIESEL,MANUAL,51000.0 KM,1st,"Kondanampatty, Salem","₹ 8,50,000"
54,Maruti Suzuki Alto (2005),Maruti Suzuki Alto (2005),2000-2005 LXI,Maruti Suzuki Alto (2005),PETROL,AUTOMATIC,"90,000 KM",2nd,"Pahartoli, Ranchi","₹ 80,000"
55,Maruti Suzuki Wagon R (2012),Maruti Suzuki Wagon R (2012),2010-2012 VXI BS IV,Maruti Suzuki Wagon R (2012),PETROL,MANUAL,"81,000 KM",2nd,"Sivarampalli, Hyderabad","₹ 3,00,000"
56,Hyundai Elite I20 (2016),Hyundai Elite I20 (2016),Asta 1.2,Hyundai Elite I20 (2016),PETROL,MANUAL,45000.0 KM,1st,"Ghatkopar East, Mumbai","₹ 6,25,000"
57,Skoda Laura (2009),Skoda Laura (2009),1.8 TSI Ambition,Skoda Laura (2009),PETROL,MANUAL,80000.0 KM,1st,"Ameerpet, Hyderabad","₹ 3,99,000"
58,Tata Indigo Cs (2010),Tata Indigo Cs (2010),CS LS TDI,Tata Indigo Cs (2010),DIESEL,MANUAL,"125,000 KM",2nd,"Sector 127, Mohali","₹ 85,000"
59,Hyundai I10 (2008),Hyundai I10 (2008),Era 1.1 iTech SE,Hyundai I10 (2008),PETROL,MANUAL,"70,000 KM",4th,"Geeta Colony, Hisar","₹ 1,20,000"
60,Hyundai Xcent (2018),Hyundai Xcent (2018),1.2 CRDi S,Hyundai Xcent (2018),DIESEL,MANUAL,70250.0 KM,1st,"Kukatpally, Hyderabad","₹ 4,50,000"
61,Toyota Innova Crysta (2019),Toyota Innova Crysta (2019),2.8 ZX AT,Toyota Innova Crysta (2019),DIESEL,AUTOMATIC,25000.0 KM,1st,"New Gurgaon, Gurgaon","₹ 20,50,000"
62,Maruti Suzuki Swift Dzire (2015),Maruti Suzuki Swift Dzire (2015),ZDI,Maruti Suzuki Swift Dzire (2015),DIESEL,MANUAL,60536.0 KM,2nd,"Rohini, Delhi","₹ 4,71,500"
63,Maruti Suzuki Alto K10 (2016),Maruti Suzuki Alto K10 (2016),VXI,Maruti Suzuki Alto K10 (2016),PETROL,MANUAL,50000 KM,First,"National Institute of Visually Handicapped, Dehradun","₹ 3,15,000"
64,Hyundai Grand I10 (2013),Hyundai Grand I10 (2013),Magna 1.2 Kappa VTVT,Hyundai Grand I10 (2013),DIESEL,MANUAL,999999 KM,Second,"Ardee City, Gurgaon","₹ 3,25,000"
65,Hyundai Santro Xing (2003),Hyundai Santro Xing (2003),Others,Hyundai Santro Xing (2003),PETROL,MANUAL,"80,000 KM",1st,"Akash Nagar, Kurukshetra","₹ 60,000"
66,Hyundai Santro (2011),Hyundai Santro (2011),Others,Hyundai Santro (2011),PETROL,MANUAL,44000.0 KM,1st,"Erayikadavu, Kottayam","₹ 2,25,000"
67,Mahindra Bolero (2013),Mahindra Bolero (2013),ZLX BSIII,Mahindra Bolero (2013),DIESEL,MANUAL,58000.0 KM,1st,"MP Nagar, Bhopal","₹ 5,30,000"
68,Chevrolet Beat (2012),Chevrolet Beat (2012),2010-2013 Diesel LT Option,Chevrolet Beat (2012),DIESEL,MANUAL,"84,000 KM",4th,"Chhapper Mansurpur, Yamunanagar","₹ 1,50,000"
69,Mercedes-Benz New C-Class (2011),Mercedes-Benz New C-Class (2011),C 250 CDI Avantgarde,Mercedes-Benz New C-Class (2011),DIESEL,AUTOMATIC,75000.0 KM,2nd,"Vashi, Navi Mumbai","₹ 12,23,000"
70,Maruti Suzuki Omni (2012),Maruti Suzuki Omni (2012),Others,Maruti Suzuki Omni (2012),CNG & HYBRIDS,MANUAL,"35,000 KM",2nd,"Masumin Mohalla, Kanodar","₹ 1,65,000"
71,Hyundai Eon (2015),Hyundai Eon (2015),Era +,Hyundai Eon (2015),PETROL,MANUAL,50000.0 KM,1st,"Sector 16, Noida","₹ 2,85,000"
72,Maruti Suzuki Wagon R Duo (2008),Maruti Suzuki Wagon R Duo (2008),Others,Maruti Suzuki Wagon R Duo (2008),PETROL,MANUAL,"125,000 KM",3rd,"Basavanna Kolla, Belagavi","₹ 2,35,000"
73,Maruti Suzuki Alto 800 (2011),Maruti Suzuki Alto 800 (2011),LXI,Maruti Suzuki Alto 800 (2011),PETROL,MANUAL,"70,000 KM",1st,"Ranjit Avenue, Amritsar","₹ 1,79,000"
74,Ford Ikon (2011),Ford Ikon (2011),1.4 TDCi DuraTorq,Ford Ikon (2011),DIESEL,MANUAL,"110,000 KM",1st,"Dugri Urban Estate, Ludhiana","₹ 1,55,000"
75,Mahindra Tuv 300 (2018),Mahindra Tuv 300 (2018),T10 AMT (Automatic),Mahindra Tuv 300 (2018),DIESEL,AUTOMATIC,48 KM,2nd,"Wahal Village, Navi Mumbai","₹ 8,00,000"
76,Tata Nano (2011),Tata Nano (2011),2012-2015 LX,Tata Nano (2011),PETROL,MANUAL,"93,000 KM",3rd,"Mathara, Olavanna","₹ 55,000"
77,Hyundai I10 (2010),Hyundai I10 (2010),2007-2010 Magna 1.2,Hyundai I10 (2010),PETROL,MANUAL,"55,000 KM",1st,"Aaram Chowk, Kolhapur","₹ 2,18,000"
78,Jeep Compass (2020),Jeep Compass (2020),Others,Jeep Compass (2020),PETROL,AUTOMATIC,11000.0 KM,1st,"Noida Extension, Noida","₹ 22,00,000"
79,Honda Jazz (2019),Honda Jazz (2019),VX,Honda Jazz (2019),PETROL,AUTOMATIC,23098.0 KM,1st,"Tumkur Road, Bengaluru","₹ 8,75,000"
