,Brand,model,variant,year,fuel,transmission,km driven,No of owners,location,price
0,2015 Honda Amaze,2015 Honda Amaze,S i-Vtech,2015,Petrol,Manual,"59,439 Kms",1st Owner,bangalore,"₹ 4,57,500"
1,2018 Renault KWID,2018 Renault KWID,1.0 RXT Optional,2018,Petrol,Manual,"22,912 Kms",1st Owner,bangalore,"₹ 4,44,500"
2,2019 Hyundai Santro,2019 Hyundai Santro,Asta,2019,Petrol,Manual,"19,987 Kms",1st Owner,bangalore,"₹ 5,83,500"
3,2016 Hyundai EON,2016 Hyundai EON,Era Plus,2016,Petrol,Manual,"33,285 Kms",1st Owner,bangalore,"₹ 3,60,000"
4,2014 Ford Ecosport,2014 Ford Ecosport,Titanium Diesel,2014,Diesel,Manual,"62,204 Kms",2nd Owner,bangalore,"₹ 6,22,500"
5,2015 Maruti Wagon R,2015 Maruti Wagon R,VXI BS IV,2015,Petrol,Manual,"31,401 Kms",1st Owner,bangalore,"₹ 4,04,000"
6,2017 Honda Jazz,2017 Honda Jazz,1.2 S i VTEC,2017,Petrol,Manual,"44,490 Kms",1st Owner,bangalore,"₹ 6,51,000"
7,2017 Maruti Vitara Brezza,2017 Maruti Vitara Brezza,VDi,2017,Diesel,Manual,"72,431 Kms",1st Owner,bangalore,"₹ 8,60,000"
8,2017 Ford Figo,2017 Ford Figo,Titanium Diesel,2017,Diesel,Manual,"5,545 Kms",1st Owner,bangalore,"₹ 5,81,000"
9,2015 Tata Zest,2015 Tata Zest,Quadrajet 1.3 XTA,2015,Diesel,Automatic,"53,737 Kms",1st Owner,bangalore,"₹ 4,49,500"
10,2017 Honda Jazz,2017 Honda Jazz,V CVT,2017,Petrol,Automatic,"64,317 Kms",2nd Owner,bangalore,"₹ 6,73,500"
11,2020 MG Hector,2020 MG Hector,Hybrid Sharp MT,2020,Petrol,Manual,"9,097 Kms",1st Owner,bangalore,"₹ 19,03,500"
12,2016 Hyundai Grand i10,2016 Hyundai Grand i10,CRDi Asta Option,2016,Diesel,Manual,"23,622 Kms",1st Owner,bangalore,"₹ 6,03,000"
13,2021 Hyundai i20,2021 Hyundai i20,Sportz Diesel,2021,Diesel,Manual,"9,593 Kms",1st Owner,bangalore,"₹ 9,94,000"
14,2013Honda CR V 2.4L 4WD AT AVN,2013Honda CR V 2.4L 4WD AT AVN,2013Honda CR V 2.4L 4WD AT AVN,2013,Petrol,Automatic,"95,000 kms",First Owner,bangalore,10 Lakh*
15,2018Lexus NX 300h,2018Lexus NX 300h,2018Lexus NX 300h,2018,Petrol,Automatic,"7,622 kms",First Owner,bangalore,63.95 Lakh*
16,2010Audi Q5 3.0 TDI,2010Audi Q5 3.0 TDI,2010Audi Q5 3.0 TDI,2010,Diesel,Automatic,"80,000 kms",First Owner,bangalore,12.5 Lakh*
17,2013Audi Q3 2.0 TDI,2013Audi Q3 2.0 TDI,2013Audi Q3 2.0 TDI,2013,Diesel,Automatic,"67,000 kms",Third Owner,bangalore,13.5 Lakh*
18,2009Honda City 1.5 V AT,2009Honda City 1.5 V AT,2009Honda City 1.5 V AT,2009,Petrol,Automatic,"45,000 kms",Second Owner,bangalore,4.45 Lakh*
19,2015BMW 3 Series 320d Sport Line,2015BMW 3 Series 320d Sport Line,2015BMW 3 Series 320d Sport Line,2015,Diesel,Automatic,"64,000 kms",First Owner,bangalore,22.75 Lakh*
20,2015 Hyundai EON,2015 Hyundai EON,Magna Plus,2015,Petrol,Manual,"4,924 Kms",1st Owner,bangalore,"₹ 3,47,500"
21,2016 Hyundai Grand i10,2016 Hyundai Grand i10,Sportz,2016,Petrol,Manual,"18,740 Kms",1st Owner,bangalore,"₹ 5,26,500"
22,2018 Maruti Alto 800,2018 Maruti Alto 800,LXI,2017,Petrol,Manual,"42,752 Kms",1st Owner,bangalore,"₹ 3,57,000"
23,2016 Maruti Celerio,2016 Maruti Celerio,VXI AT,2016,Petrol,Automatic,"26,832 Kms",1st Owner,bangalore,"₹ 4,86,326"
24,2018 Maruti Ignis,2018 Maruti Ignis,1.2 Delta BSIV,2017,Petrol,Manual,"42,206 Kms",1st Owner,bangalore,"₹ 5,32,000"
25,2017 Hyundai Grand i10,2017 Hyundai Grand i10,Sportz,2017,Petrol,Manual,"49,814 Kms",1st Owner,bangalore,"₹ 5,10,000"
26,2018 Maruti Celerio,2018 Maruti Celerio,VXI,2018,Petrol,Manual,"5,671 Kms",1st Owner,bangalore,"₹ 5,51,372"
27,2019 Hyundai Grand i10,2019 Hyundai Grand i10,Sportz,2019,Petrol,Manual,"7,129 Kms",1st Owner,bangalore,"₹ 6,36,500"
28,2018 Renault KWID,2018 Renault KWID,Climber 1.0 AMT BSIV,2018,Petrol,Automatic,"12,297 Kms",1st Owner,bangalore,"₹ 4,78,000"
29,2018 Renault KWID,2018 Renault KWID,1.0 RXT 02 Anniversary Edition,2018,Petrol,Manual,"17,873 Kms",1st Owner,bangalore,"₹ 4,39,885"
30,2017 Maruti Wagon R,2017 Maruti Wagon R,VXI,2017,Petrol,Manual,"18,900 Kms",1st Owner,bangalore,"₹ 4,91,500"
31,2015 Hyundai Grand i10,2015 Hyundai Grand i10,Sportz,2014,Petrol,Manual,"30,607 Kms",1st Owner,bangalore,"₹ 4,78,500"
32,2016 Hyundai Grand i10,2016 Hyundai Grand i10,1.2 Kappa Magna AT,2016,Petrol,Automatic,"19,255 Kms",2nd Owner,bangalore,"₹ 5,04,500"
33,2017 Renault KWID,2017 Renault KWID,1.0 RXT AMT,2017,Petrol,Automatic,"10,003 Kms",1st Owner,bangalore,"₹ 4,46,000"
34,2014 Maruti Celerio,2014 Maruti Celerio,VXI,2014,Petrol,Manual,"37,952 Kms",1st Owner,bangalore,"₹ 3,88,500"
35,2016 Honda Jazz,2016 Honda Jazz,V CVT,2016,Petrol,KA50,"37,789 Kms",2nd Owner,bangalore,"₹ 6,09,000"
36,2018 Renault KWID,2018 Renault KWID,AMT,2018,Petrol,Automatic,"20,965 Kms",1st Owner,bangalore,"₹ 4,67,000"
37,2016 Hyundai Grand i10,2016 Hyundai Grand i10,Sportz,2016,Petrol,Manual,"28,974 Kms",1st Owner,bangalore,"₹ 5,16,000"
38,2018 Tata Tigor,2018 Tata Tigor,1.2 Revotron XZA,2018,Petrol,Automatic,"11,846 Kms",1st Owner,bangalore,"₹ 6,18,500"
39,2018 Maruti Celerio,2018 Maruti Celerio,ZXI,2018,Petrol,Manual,"17,247 Kms",1st Owner,bangalore,"₹ 5,16,000"
40,2015 Hyundai Grand i10,2015 Hyundai Grand i10,AT Asta,2015,Petrol,Automatic,"26,776 Kms",2nd Owner,bangalore,"₹ 5,15,500"
41,2011 Maruti Swift Dzire,2011 Maruti Swift Dzire,VXI,2011,Petrol,Manual,"73,991 Kms",1st Owner,bangalore,"₹ 3,94,000"
42,2017 Hyundai Grand i10,2017 Hyundai Grand i10,1.2 Kappa Asta,2017,Petrol,Manual,"41,894 Kms",1st Owner,bangalore,"₹ 5,72,500"
43,2009 Maruti Wagon R,2009 Maruti Wagon R,VXI Minor,2009,Petrol,Manual,"51,606 Kms",1st Owner,bangalore,"₹ 3,08,000"
44,2015 Hyundai Grand i10,2015 Hyundai Grand i10,Asta,2015,Petrol,Manual,"13,179 Kms",1st Owner,bangalore,"₹ 5,28,500"
45,2012 Skoda New Laura,2012 Skoda New Laura,Ambiente 2.0 TDI CR MT,2011,Diesel,Manual,"81,309 Kms",2nd Owner,bangalore,"₹ 4,61,970"
46,2018 Renault KWID,2018 Renault KWID,Climber 1.0 AMT Opt,2018,Petrol,Automatic,"17,000 Kms",1st Owner,bangalore,"₹ 4,99,568"
47,2016 Maruti Swift,2016 Maruti Swift,VXI Optional,2016,Petrol,Manual,"37,997 Kms",2nd Owner,bangalore,"₹ 5,71,000"
48,2018 Renault KWID,2018 Renault KWID,RXL,2018,Petrol,Manual,"41,377 Kms",1st Owner,bangalore,"₹ 3,90,120"
49,2008 Hyundai i10,2008 Hyundai i10,Magna 1.1,2008,Petrol,Manual,"43,582 Kms",2nd Owner,bangalore,"₹ 2,41,000"
50,2013 Hyundai Grand i10,2013 Hyundai Grand i10,1.2 Kappa Asta,2013,Petrol,Manual,"44,110 Kms",1st Owner,bangalore,"₹ 4,52,760"
51,2017 Maruti Wagon R,2017 Maruti Wagon R,VXI BS IV,2017,Petrol,Manual,"28,512 Kms",2nd Owner,bangalore,"₹ 4,62,500"
52,2017 Renault KWID,2017 Renault KWID,1.0 RXT Opt,2017,Petrol,Manual,"23,390 Kms",1st Owner,bangalore,"₹ 4,58,532"
53,2016 Renault KWID,2016 Renault KWID,1.0 RXT AMT,2016,Petrol,Automatic,"45,115 Kms",1st Owner,bangalore,"₹ 3,87,500"
54,2015 Honda Jazz,2015 Honda Jazz,1.2 SV i VTEC,2015,Petrol,Manual,"26,166 Kms",1st Owner,bangalore,"₹ 6,11,871"
55,2017 Maruti Wagon R,2017 Maruti Wagon R,VXI Plus Optional,2017,Petrol,Manual,"30,393 Kms",1st Owner,bangalore,"₹ 4,67,000"
56,2016 Maruti Baleno,2016 Maruti Baleno,Delta,2016,Petrol,Manual,"36,638 Kms",1st Owner,bangalore,"₹ 5,85,000"
57,2016 Renault KWID,2016 Renault KWID,RXT,2016,Petrol,Manual,"32,850 Kms",1st Owner,bangalore,"₹ 3,62,000"
58,2017 Maruti Swift,2017 Maruti Swift,VXI,2017,Petrol,Manual,"40,231 Kms",1st Owner,bangalore,"₹ 5,79,500"
59,2015 Honda Jazz,2015 Honda Jazz,V,2015,Petrol,Manual,"41,605 Kms",2nd Owner,bangalore,"₹ 5,50,000"
