,Brand,model,variant,year,fuel,transmission,km driven,No of owners,location,price
0,2016Hyundai Creta 1.6 CRDi SX Plus,2016Hyundai Creta 1.6 CRDi SX Plus,2016Hyundai Creta 1.6 CRDi SX Plus,2016,Diesel,Manual,"1,00,000 kms",First Owner,chennai,9 Lakh*
1,2016Datsun GO A EPS,2016Datsun GO A EPS,2016Datsun GO A EPS,2016,Petrol,Manual,"24,000 kms",First Owner,chennai,3.35 Lakh*
2,2015Hyundai Grand i10 Asta,2015Hyundai Grand i10 Asta,2015Hyundai Grand i10 Asta,2015,Petrol,Manual,"43,000 kms",First Owner,chennai,4.9 Lakh*
3,2016Hyundai i20 2015-2017 Asta 1.2,2016Hyundai i20 2015-2017 Asta 1.2,2016Hyundai i20 2015-2017 Asta 1.2,2016,Petrol,Manual,"54,850 kms",First Owner,chennai,6.1 Lakh*
4,2016Honda Jazz 1.2 SV i VTEC,2016Honda Jazz 1.2 SV i VTEC,2016Honda Jazz 1.2 SV i VTEC,2016,Petrol,Manual,"34,000 kms",First Owner,chennai,5.75 Lakh*
5,2015Land Rover Range Rover Evoque HSE Dynamic,2015Land Rover Range Rover Evoque HSE Dynamic,2015Land Rover Range Rover Evoque HSE Dynamic,2015,Diesel,Automatic,"42,000 kms",First Owner,chennai,32 Lakh*
6,2011Maruti Alto K10 2010-2014 VXI,2011Maruti Alto K10 2010-2014 VXI,2011Maruti Alto K10 2010-2014 VXI,2011,Petrol,Manual,"42,364 kms",Second Owner,chennai,2.25 Lakh*
7,2008Hyundai i10 Era,2008Hyundai i10 Era,2008Hyundai i10 Era,2008,Petrol,Manual,"78,000 kms",Second Owner,chennai,2.25 Lakh*
8,2017Maruti Swift ZDI BSIV,2017Maruti Swift ZDI BSIV,2017Maruti Swift ZDI BSIV,2017,Diesel,Manual,"81,000 kms",First Owner,chennai,6.25 Lakh*
9,2018Honda WR-V i-VTEC VX,2018Honda WR-V i-VTEC VX,2018Honda WR-V i-VTEC VX,2018,Petrol,Manual,"17,000 kms",First Owner,chennai,8.75 Lakh*
10,2013Ford Figo Petrol EXI,2013Ford Figo Petrol EXI,2013Ford Figo Petrol EXI,2013,Petrol,Manual,"32,000 kms",First Owner,chennai,2.95 Lakh*
11,2019Renault Duster 85PS Diesel RxS,2019Renault Duster 85PS Diesel RxS,2019Renault Duster 85PS Diesel RxS,2019,Diesel,Manual,"16,000 kms",First Owner,chennai,10.9 Lakh*
12,2000Hyundai Santro LE zipPlus,2000Hyundai Santro LE zipPlus,2000Hyundai Santro LE zipPlus,2000,Petrol,Manual,"68,000 kms",Second Owner,chennai,"65,000*"
13,2016Toyota Innova Crysta 2016-2020 2.4 ZX MT,2016Toyota Innova Crysta 2016-2020 2.4 ZX MT,2016Toyota Innova Crysta 2016-2020 2.4 ZX MT,2016,Diesel,Manual,"1,08,666 kms",First Owner,chennai,16.8 Lakh*
14,2018Maruti Baleno Zeta 1.2,2018Maruti Baleno Zeta 1.2,2018Maruti Baleno Zeta 1.2,2018,Petrol,Manual,"34,000 kms",First Owner,chennai,6.9 Lakh*
15,2018Ford EcoSport 1.5 Petrol Titanium Plus AT,2018Ford EcoSport 1.5 Petrol Titanium Plus AT,2018Ford EcoSport 1.5 Petrol Titanium Plus AT,2018,Petrol,Automatic,"14,203 kms",First Owner,chennai,9.7 Lakh*
16,2014Hyundai Verna 1.6 SX,2014Hyundai Verna 1.6 SX,2014Hyundai Verna 1.6 SX,2014,Diesel,Manual,"61,000 kms",Second Owner,chennai,6.5 Lakh*
17,2016Hyundai Grand i10 Asta,2016Hyundai Grand i10 Asta,2016Hyundai Grand i10 Asta,2016,Petrol,Manual,"43,000 kms",Second Owner,chennai,4.65 Lakh*
18,2020Toyota Innova Crysta 2016-2020 2.4 ZX AT,2020Toyota Innova Crysta 2016-2020 2.4 ZX AT,2020Toyota Innova Crysta 2016-2020 2.4 ZX AT,2020,Diesel,Automatic,"2,500 kms",First Owner,chennai,28 Lakh*
19,2017Honda WR-V Exclusive Petrol,2017Honda WR-V Exclusive Petrol,2017Honda WR-V Exclusive Petrol,2017,Petrol,Manual,"17,603 kms",First Owner,chennai,7.5 Lakh*
20,2011Hyundai i20 1.2 Sportz,2011Hyundai i20 1.2 Sportz,2011Hyundai i20 1.2 Sportz,2011,Petrol,Manual,"60,000 kms",Second Owner,chennai,3.4 Lakh*
21,2016Hyundai Creta 1.6 CRDi SX,2016Hyundai Creta 1.6 CRDi SX,2016Hyundai Creta 1.6 CRDi SX,2016,Diesel,Manual,"69,000 kms",First Owner,chennai,10.9 Lakh*
22,2013Fiat Grande Punto 1.3 Dynamic (Diesel),2013Fiat Grande Punto 1.3 Dynamic (Diesel),2013Fiat Grande Punto 1.3 Dynamic (Diesel),2013,Diesel,Manual,"68,803 kms",First Owner,chennai,3.5 Lakh*
23,2017Maruti Ciaz 1.4 Alpha,2017Maruti Ciaz 1.4 Alpha,2017Maruti Ciaz 1.4 Alpha,2017,Petrol,Manual,"34,000 kms",First Owner,chennai,8 Lakh*
24,2016Honda City i VTEC V,2016Honda City i VTEC V,2016Honda City i VTEC V,2016,Petrol,Manual,"32,000 kms",First Owner,chennai,8.15 Lakh*
25,2019Honda Jazz 1.2 VX i VTEC,2019Honda Jazz 1.2 VX i VTEC,2019Honda Jazz 1.2 VX i VTEC,2019,Petrol,Manual,"1,600 kms",First Owner,chennai,8.25 Lakh*
26,2018Honda Jazz V Diesel,2018Honda Jazz V Diesel,2018Honda Jazz V Diesel,2018,Diesel,Manual,"29,055 kms",First Owner,chennai,7.5 Lakh*
27,2012Volkswagen Vento Diesel Highline,2012Volkswagen Vento Diesel Highline,2012Volkswagen Vento Diesel Highline,2012,Diesel,Manual,"49,000 kms",First Owner,chennai,5.65 Lakh*
28,2012Hyundai Santa Fe 4X2,2012Hyundai Santa Fe 4X2,2012Hyundai Santa Fe 4X2,2012,Diesel,Manual,"1,03,000 kms",First Owner,chennai,6.7 Lakh*
29,2012Jaguar XF 3.0 Litre S Premium Luxury,2012Jaguar XF 3.0 Litre S Premium Luxury,2012Jaguar XF 3.0 Litre S Premium Luxury,2012,Diesel,Automatic,"59,000 kms",Second Owner,chennai,21 Lakh*
30,2016Honda Jazz 1.2 V AT i VTEC,2016Honda Jazz 1.2 V AT i VTEC,2016Honda Jazz 1.2 V AT i VTEC,2016,Petrol,Automatic,"45,000 kms",First Owner,chennai,6.9 Lakh*
31,2014Hyundai EON Era Plus,2014Hyundai EON Era Plus,2014Hyundai EON Era Plus,2014,Petrol,Manual,"38,000 kms",First Owner,chennai,3.35 Lakh*
32,2018New Skoda Rapid 1.0 TSI Ambition AT,2018New Skoda Rapid 1.0 TSI Ambition AT,2018New Skoda Rapid 1.0 TSI Ambition AT,2018,Petrol,Automatic,"13,500 kms",First Owner,chennai,9.9 Lakh*
33,2014Maruti Swift Dzire VXI,2014Maruti Swift Dzire VXI,2014Maruti Swift Dzire VXI,2014,Petrol,Manual,"25,000 kms",First Owner,chennai,5 Lakh*
34,2019Hyundai Grand i10 1.2 Kappa Sportz BSIV,2019Hyundai Grand i10 1.2 Kappa Sportz BSIV,2019Hyundai Grand i10 1.2 Kappa Sportz BSIV,2019,Petrol,Manual,"15,000 kms",First Owner,chennai,5.75 Lakh*
35,2016Maruti Baleno Delta 1.2,2016Maruti Baleno Delta 1.2,2016Maruti Baleno Delta 1.2,2016,Petrol,Manual,"54,000 kms",First Owner,chennai,6.1 Lakh*
36,2014Ford EcoSport 1.5 DV5 MT Titanium,2014Ford EcoSport 1.5 DV5 MT Titanium,2014Ford EcoSport 1.5 DV5 MT Titanium,2014,Diesel,Manual,"58,000 kms",Second Owner,chennai,6.35 Lakh*
37,2017Honda WR-V i-DTEC VX,2017Honda WR-V i-DTEC VX,2017Honda WR-V i-DTEC VX,2017,Diesel,Manual,"43,000 kms",First Owner,chennai,8.75 Lakh*
38,2013Toyota Corolla Altis D-4D G,2013Toyota Corolla Altis D-4D G,2013Toyota Corolla Altis D-4D G,2013,Diesel,Manual,"1,50,000 kms",First Owner,chennai,6.5 Lakh*
39,2015Maruti Swift VDI,2015Maruti Swift VDI,2015Maruti Swift VDI,2015,Diesel,Manual,"76,000 kms",First Owner,chennai,5.4 Lakh*
40,2010Toyota Fortuner 3.0 Diesel,2010Toyota Fortuner 3.0 Diesel,2010Toyota Fortuner 3.0 Diesel,2010,Diesel,Manual,"1,85,000 kms",First Owner,chennai,11.25 Lakh*
41,2018Hyundai Creta 1.6 EX Petrol,2018Hyundai Creta 1.6 EX Petrol,2018Hyundai Creta 1.6 EX Petrol,2018,Petrol,Manual,"39,000 kms",First Owner,chennai,8.6 Lakh*
42,2016Maruti Swift Dzire AMT ZDI,2016Maruti Swift Dzire AMT ZDI,2016Maruti Swift Dzire AMT ZDI,2016,Diesel,Automatic,"75,000 kms",First Owner,chennai,5.9 Lakh*
43,2017Hyundai Creta 1.6 CRDi SX Plus,2017Hyundai Creta 1.6 CRDi SX Plus,2017Hyundai Creta 1.6 CRDi SX Plus,2017,Diesel,Manual,"66,000 kms",First Owner,chennai,11.5 Lakh*
44,2011Skoda Superb 2.8 V6 AT,2011Skoda Superb 2.8 V6 AT,2011Skoda Superb 2.8 V6 AT,2011,Petrol,Automatic,"1,28,000 kms",First Owner,chennai,6.5 Lakh*
45,2019Renault Triber RXT,2019Renault Triber RXT,2019Renault Triber RXT,2019,Petrol,Manual,"24,000 kms",First Owner,chennai,6.5 Lakh*
46,2015Maruti Alto 800 LXI,2015Maruti Alto 800 LXI,2015Maruti Alto 800 LXI,2015,Petrol,Manual,"51,000 kms",First Owner,chennai,2.9 Lakh*
47,2016Honda Amaze 2016-2021 SX i DTEC,2016Honda Amaze 2016-2021 SX i DTEC,2016Honda Amaze 2016-2021 SX i DTEC,2016,Diesel,Manual,"27,000 kms",First Owner,chennai,6.5 Lakh*
48,2016Maruti Ertiga ZXI Plus,2016Maruti Ertiga ZXI Plus,2016Maruti Ertiga ZXI Plus,2016,Petrol,Manual,"27,000 kms",First Owner,chennai,7.3 Lakh*
49,2014Honda City i VTEC V,2014Honda City i VTEC V,2014Honda City i VTEC V,2014,Petrol,Manual,"94,014 kms",Second Owner,chennai,5.4 Lakh*
50,2017Honda Amaze 2016-2021 S i-VTEC,2017Honda Amaze 2016-2021 S i-VTEC,2017Honda Amaze 2016-2021 S i-VTEC,2017,Petrol,Manual,"31,000 kms",First Owner,chennai,6 Lakh*
51,2011Hyundai Verna Transform SX VGT CRDi,2011Hyundai Verna Transform SX VGT CRDi,2011Hyundai Verna Transform SX VGT CRDi,2011,Diesel,Manual,"79,000 kms",First Owner,chennai,3.49 Lakh*
52,2017Toyota Fortuner 2016-2021 2.8 2WD MT BSIV,2017Toyota Fortuner 2016-2021 2.8 2WD MT BSIV,2017Toyota Fortuner 2016-2021 2.8 2WD MT BSIV,2017,Diesel,Manual,"72,000 kms",First Owner,chennai,26.98 Lakh*
53,2013Fiat Linea Emotion Pack,2013Fiat Linea Emotion Pack,2013Fiat Linea Emotion Pack,2013,Petrol,Manual,"27,650 kms",First Owner,chennai,3.25 Lakh*
54,2012Ford Fiesta 1.5 TDCi Titanium,2012Ford Fiesta 1.5 TDCi Titanium,2012Ford Fiesta 1.5 TDCi Titanium,2012,Diesel,Manual,"78,900 kms",First Owner,chennai,3.6 Lakh*
55,2014Volkswagen Polo 1.2 MPI Comfortline,2014Volkswagen Polo 1.2 MPI Comfortline,2014Volkswagen Polo 1.2 MPI Comfortline,2014,Petrol,Manual,"65,000 kms",First Owner,chennai,4.75 Lakh*
56,2009Honda City 1.5 S MT,2009Honda City 1.5 S MT,2009Honda City 1.5 S MT,2009,Petrol,Manual,"76,165 kms",Second Owner,chennai,3.6 Lakh*
57,2007Maruti Esteem Vxi - BSIII,2007Maruti Esteem Vxi - BSIII,2007Maruti Esteem Vxi - BSIII,2007,Petrol,Manual,"65,000 kms",Second Owner,chennai,1.4 Lakh*
58,2017Ford Endeavour 3.2 Trend AT 4X4,2017Ford Endeavour 3.2 Trend AT 4X4,2017Ford Endeavour 3.2 Trend AT 4X4,2017,Diesel,Automatic,"60,000 kms",First Owner,chennai,23 Lakh*
59,2017Ford EcoSport 1.0 Ecoboost Titanium Plus BSIV,2017Ford EcoSport 1.0 Ecoboost Titanium Plus BSIV,2017Ford EcoSport 1.0 Ecoboost Titanium Plus BSIV,2017,Petrol,Manual,"17,000 kms",First Owner,chennai,7.2 Lakh*
