,Brand,model,variant,year,fuel,transmission,km driven,No of owners,location,price
0,2014 Maruti Swift,2014 Maruti Swift,2014 Maruti Swift,2014,Diesel,Manual,"66,737 Kms",1st Owner,delhi,"₹ 4,02,500"
1,2018 Maruti Ignis,2018 Maruti Ignis,2018 Maruti Ignis,2018,Petrol,Automatic,"17,011 Kms",1st Owner,delhi,"₹ 5,64,212"
2,2017 Tata Tiago,2017 Tata Tiago,2017 Tata Tiago,2017,Petrol,Automatic,"19,544 Kms",1st Owner,delhi,"₹ 4,50,000"
3,2015 Maruti Swift,2015 Maruti Swift,2015 Maruti Swift,2015,Petrol,Manual,"79,620 Kms",1st Owner,delhi,"₹ 3,68,500"
4,2016 Tata Bolt,2016 Tata Bolt,2016 Tata Bolt,2015,Petrol,Manual,"30,791 Kms",1st Owner,delhi,"₹ 2,94,500"
5,2014 Maruti Swift,2014 Maruti Swift,2014 Maruti Swift,2014,Diesel,Manual,"72,627 Kms",1st Owner,delhi,"₹ 4,14,000"
6,2018 Maruti Vitara Brezza,2018 Maruti Vitara Brezza,2018 Maruti Vitara Brezza,2018,Diesel,Manual,"82,299 Kms",2nd Owner,delhi,"₹ 6,96,500"
7,2013 Hyundai Verna,2013 Hyundai Verna,2013 Hyundai Verna,2013,Diesel,Manual,"76,561 Kms",1st Owner,delhi,"₹ 3,95,000"
8,2016 Ford Ecosport,2016 Ford Ecosport,2016 Ford Ecosport,2016,Diesel,Manual,"85,775 Kms",1st Owner,delhi,"₹ 5,86,500"
9,2019 Mahindra XUV300,2019 Mahindra XUV300,2019 Mahindra XUV300,2019,Diesel,Manual,"91,793 Kms",1st Owner,delhi,"₹ 9,46,500"
10,2017 Hyundai Grand i10,2017 Hyundai Grand i10,2017 Hyundai Grand i10,2017,Petrol,Manual,"14,018 Kms",1st Owner,delhi,"₹ 5,00,000"
11,2012 Hyundai i10,2012 Hyundai i10,2012 Hyundai i10,2011,Petrol,Manual,"82,238 Kms",1st Owner,delhi,"₹ 2,85,500"
12,2019 Maruti Ignis,2019 Maruti Ignis,2019 Maruti Ignis,2019,Petrol,Automatic,"5,598 Kms",1st Owner,delhi,"₹ 6,48,000"
13,2020 Hyundai Venue,2020 Hyundai Venue,2020 Hyundai Venue,2020,Petrol,Automatic,"9,437 Kms",1st Owner,delhi,"₹ 12,40,500"
14,-,-,-,-,-,-,-,-,delhi,-
15,-,-,-,-,-,-,-,-,delhi,-
16,-,-,-,-,-,-,-,-,delhi,-
17,-,-,-,-,-,-,-,-,delhi,-
18,-,-,-,-,-,-,-,-,delhi,-
19,2011 Hyundai i10,2011 Hyundai i10,2011 Hyundai i10,2011,Petrol,Automatic,"55,107 Kms",2nd Owner,delhi,"₹ 2,99,000"
20,2020 Maruti S-Presso,2020 Maruti S-Presso,2020 Maruti S-Presso,2020,Petrol,Manual,"6,646 Kms",1st Owner,delhi,"₹ 4,27,056"
21,2012 Toyota Etios,2012 Toyota Etios,2012 Toyota Etios,2012,Diesel,Manual,"78,536 Kms",2nd Owner,delhi,"₹ 2,51,500"
22,2012 Hyundai i10,2012 Hyundai i10,2012 Hyundai i10,2012,Petrol,Automatic,"64,543 Kms",1st Owner,delhi,"₹ 3,26,000"
23,2015 Maruti Swift Dzire,2015 Maruti Swift Dzire,2015 Maruti Swift Dzire,2014,Diesel,Manual,"98,563 Kms",1st Owner,delhi,"₹ 4,17,000"
24,2017 Honda Jazz,2017 Honda Jazz,2017 Honda Jazz,2017,Petrol,Automatic,"33,873 Kms",1st Owner,delhi,"₹ 7,40,000"
25,2013 Maruti Swift,2013 Maruti Swift,2013 Maruti Swift,2013,Petrol,Manual,"46,699 Kms",1st Owner,delhi,"₹ 3,87,500"
26,2016 Maruti Swift,2016 Maruti Swift,2016 Maruti Swift,2016,Petrol,Manual,"34,384 Kms",1st Owner,delhi,"₹ 4,27,000"
27,2019 Mahindra XUV300,2019 Mahindra XUV300,2019 Mahindra XUV300,2019,Diesel,Manual,"71,719 Kms",1st Owner,delhi,"₹ 8,44,500"
28,2017 Maruti Swift Dzire,2017 Maruti Swift Dzire,2017 Maruti Swift Dzire,2017,Diesel,Manual,"71,549 Kms",1st Owner,delhi,"₹ 6,12,000"
29,2013 Maruti Wagon R Stingray,2013 Maruti Wagon R Stingray,2013 Maruti Wagon R Stingray,2013,Petrol,Manual,"55,675 Kms",1st Owner,delhi,"₹ 3,23,000"
30,2013 Maruti Swift,2013 Maruti Swift,2013 Maruti Swift,2012,Diesel,Manual,"82,325 Kms",1st Owner,delhi,"₹ 3,49,000"
31,2018 Maruti Swift,2018 Maruti Swift,2018 Maruti Swift,2018,Petrol,Automatic,"47,393 Kms",1st Owner,delhi,"₹ 6,65,871"
32,2018 Maruti Ignis,2018 Maruti Ignis,2018 Maruti Ignis,2018,Petrol,Manual,"5,114 Kms",1st Owner,delhi,"₹ 5,03,000"
33,2017 Honda City,2017 Honda City,2017 Honda City,2017,Petrol,Manual,"43,742 Kms",1st Owner,delhi,"₹ 6,85,200"
34,2016 Hyundai i20 Active,2016 Hyundai i20 Active,2016 Hyundai i20 Active,2015,Diesel,Manual,"43,455 Kms",1st Owner,delhi,"₹ 4,71,000"
35,2016 Ford Ecosport,2016 Ford Ecosport,2016 Ford Ecosport,2015,Diesel,Manual,"43,981 Kms",1st Owner,delhi,"₹ 5,00,000"
36,2016 Maruti Swift,2016 Maruti Swift,2016 Maruti Swift,2015,Petrol,Manual,"24,477 Kms",1st Owner,delhi,"₹ 4,45,578"
37,2012 Tata Nano,2012 Tata Nano,2012 Tata Nano,2012,Petrol,Manual,"27,236 Kms",2nd Owner,delhi,"₹ 74,500"
38,2016 Ford Ecosport,2016 Ford Ecosport,2016 Ford Ecosport,2015,Petrol,Manual,"32,345 Kms",1st Owner,delhi,"₹ 6,85,000"
39,2017 Maruti Swift,2017 Maruti Swift,2017 Maruti Swift,2016,Diesel,Manual,"60,637 Kms",1st Owner,delhi,"₹ 4,62,000"
40,2016 Hyundai Verna,2016 Hyundai Verna,2016 Hyundai Verna,2016,Petrol,Manual,"60,820 Kms",1st Owner,delhi,"₹ 6,37,000"
41,2017 Hyundai i20,2017 Hyundai i20,2017 Hyundai i20,2017,Diesel,Manual,"68,644 Kms",1st Owner,delhi,"₹ 6,55,500"
42,2013 Hyundai Verna,2013 Hyundai Verna,2013 Hyundai Verna,2013,Diesel,Manual,"83,401 Kms",1st Owner,delhi,"₹ 4,27,000"
43,2018 Ford Ecosport,2018 Ford Ecosport,2018 Ford Ecosport,2018,Petrol,Manual,"30,953 Kms",1st Owner,delhi,"₹ 7,43,820"
44,2015 Honda City,2015 Honda City,2015 Honda City,2015,Petrol,Automatic,"79,502 Kms",1st Owner,delhi,"₹ 6,90,772"
45,2013 Maruti Swift,2013 Maruti Swift,2013 Maruti Swift,2013,Diesel,Manual,"61,671 Kms",1st Owner,delhi,"₹ 3,53,497"
46,2020 Hyundai Grand i10,2020 Hyundai Grand i10,2020 Hyundai Grand i10,2020,Petrol,Manual,"8,509 Kms",1st Owner,delhi,"₹ 5,78,000"
47,2014 Ford Ecosport,2014 Ford Ecosport,2014 Ford Ecosport,2014,Diesel,DL12,"63,247 Kms",1st Owner,delhi,"₹ 5,37,500"
48,2016 Mahindra KUV 100,2016 Mahindra KUV 100,2016 Mahindra KUV 100,2016,Diesel,Manual,"54,476 Kms",2nd Owner,delhi,"₹ 3,97,000"
49,2019 Hyundai i20,2019 Hyundai i20,2019 Hyundai i20,2019,Petrol,Manual,"29,942 Kms",1st Owner,delhi,"₹ 6,17,000"
50,2014 Maruti Alto K10,2014 Maruti Alto K10,2014 Maruti Alto K10,2013,Petrol,Manual,"27,017 Kms",1st Owner,delhi,"₹ 2,85,468"
51,2011 Hyundai i10,2011 Hyundai i10,2011 Hyundai i10,2011,Petrol,Manual,"41,311 Kms",1st Owner,delhi,"₹ 2,66,500"
52,2019 Hyundai Grand i10,2019 Hyundai Grand i10,2019 Hyundai Grand i10,2019,Petrol,Manual,"23,943 Kms",1st Owner,delhi,"₹ 4,94,000"
53,2016 Hyundai Grand i10,2016 Hyundai Grand i10,2016 Hyundai Grand i10,2016,Petrol,Manual,"28,180 Kms",1st Owner,delhi,"₹ 4,40,000"
54,2016 Mahindra KUV 100,2016 Mahindra KUV 100,2016 Mahindra KUV 100,2016,Diesel,Manual,"66,377 Kms",2nd Owner,delhi,"₹ 3,23,000"
55,2013 Maruti Swift Dzire,2013 Maruti Swift Dzire,2013 Maruti Swift Dzire,2013,Diesel,Manual,"75,361 Kms",1st Owner,delhi,"₹ 3,87,000"
56,2013 Maruti Swift Dzire,2013 Maruti Swift Dzire,2013 Maruti Swift Dzire,2013,Diesel,Manual,"93,558 Kms",2nd Owner,delhi,"₹ 3,00,000"
57,2016 Maruti Alto K10,2016 Maruti Alto K10,2016 Maruti Alto K10,2016,Petrol,Manual,"32,053 Kms",1st Owner,delhi,"₹ 3,02,208"
58,2017 Hyundai Grand i10,2017 Hyundai Grand i10,2017 Hyundai Grand i10,2017,Diesel,Manual,"62,547 Kms",1st Owner,delhi,"₹ 4,12,206"
59,2013 Maruti Swift,2013 Maruti Swift,2013 Maruti Swift,2013,Diesel,Manual,"99,877 Kms",1st Owner,delhi,"₹ 4,50,000"
60,2015 Maruti Swift,2015 Maruti Swift,2015 Maruti Swift,2015,Petrol,Manual,"67,565 Kms",1st Owner,delhi,"₹ 4,90,000"
61,2014 Hyundai Verna,2014 Hyundai Verna,2014 Hyundai Verna,2014,Petrol,Manual,"100,421 Kms",1st Owner,delhi,"₹ 4,48,500"
62,2013 Honda Brio,2013 Honda Brio,2013 Honda Brio,2013,Petrol,Manual,"79,651 Kms",2nd Owner,delhi,"₹ 2,72,500"
63,2015 Maruti Swift Dzire,2015 Maruti Swift Dzire,2015 Maruti Swift Dzire,2015,Diesel,Manual,"25,433 Kms",1st Owner,delhi,"₹ 5,87,000"
64,2013 Hyundai EON,2013 Hyundai EON,2013 Hyundai EON,2013,Petrol,Manual,"59,027 Kms",1st Owner,delhi,"₹ 2,22,500"
65,2018 Maruti Baleno,2018 Maruti Baleno,2018 Maruti Baleno,2018,Petrol,Manual,"65,009 Kms",1st Owner,delhi,"₹ 5,68,158"
66,2020 Datsun RediGO,2020 Datsun RediGO,2020 Datsun RediGO,2019,Petrol,Manual,"15,598 Kms",1st Owner,delhi,"₹ 2,70,000"
67,2014 Honda City,2014 Honda City,2014 Honda City,2014,Petrol,Automatic,"93,090 Kms",1st Owner,delhi,"₹ 6,46,500"
68,2014 Honda City,2014 Honda City,2014 Honda City,2014,Diesel,Manual,"92,150 Kms",1st Owner,delhi,"₹ 5,24,500"
69,2013 Renault Duster,2013 Renault Duster,2013 Renault Duster,2012,Diesel,Manual,"388,500 Kms",1st Owner,delhi,"₹ 3,88,500"
70,2018 Maruti Baleno,2018 Maruti Baleno,2018 Maruti Baleno,2018,Petrol,Manual,"30,903 Kms",1st Owner,delhi,"₹ 6,72,500"
71,2015 Honda City,2015 Honda City,2015 Honda City,2015,Petrol,Manual,"64,284 Kms",2nd Owner,delhi,"₹ 6,00,000"
72,2018 Maruti Baleno,2018 Maruti Baleno,2018 Maruti Baleno,2018,Petrol,Manual,"34,377 Kms",1st Owner,delhi,"₹ 5,63,870"
73,2019 Tata Tiago,2019 Tata Tiago,2019 Tata Tiago,2019,Diesel,Manual,"63,318 Kms",1st Owner,delhi,"₹ 4,89,500"
74,2019 Tata Tiago,2019 Tata Tiago,2019 Tata Tiago,2019,Petrol,Manual,"18,833 Kms",1st Owner,delhi,"₹ 5,00,000"
75,2016 Maruti Swift,2016 Maruti Swift,2016 Maruti Swift,2015,Diesel,Manual,"58,562 Kms",1st Owner,delhi,"₹ 4,16,000"
76,2017 Ford Figo,2017 Ford Figo,2017 Ford Figo,2017,Diesel,Manual,"76,998 Kms",1st Owner,delhi,"₹ 3,92,000"
77,2017 Maruti Swift,2017 Maruti Swift,2017 Maruti Swift,2017,Diesel,Manual,"77,503 Kms",1st Owner,delhi,"₹ 4,91,500"
78,2016 Maruti Swift,2016 Maruti Swift,2016 Maruti Swift,2015,Petrol,Manual,"52,655 Kms",1st Owner,delhi,"₹ 4,53,948"
79,2018 Ford Figo Aspire,2018 Ford Figo Aspire,2018 Ford Figo Aspire,2018,Petrol,Manual,"22,616 Kms",1st Owner,delhi,"₹ 5,33,500"
80,2016 Maruti Baleno,2016 Maruti Baleno,2016 Maruti Baleno,2016,Petrol,Manual,"58,078 Kms",1st Owner,delhi,"₹ 5,20,500"
81,2013 Hyundai Verna,2013 Hyundai Verna,2013 Hyundai Verna,2013,Diesel,Manual,"66,997 Kms",1st Owner,delhi,"₹ 4,25,000"
82,2017 Honda City,2017 Honda City,2017 Honda City,2017,Petrol,Manual,"14,815 Kms",1st Owner,delhi,"₹ 8,14,432"
83,2018 Tata Tiago,2018 Tata Tiago,2018 Tata Tiago,2018,Petrol,Automatic,"43,855 Kms",1st Owner,delhi,"₹ 4,67,826"
84,2015 Hyundai i10,2015 Hyundai i10,2015 Hyundai i10,2015,Petrol,Manual,"73,016 Kms",1st Owner,delhi,"₹ 2,90,500"
85,2017 Maruti Baleno,2017 Maruti Baleno,2017 Maruti Baleno,2016,Diesel,Manual,"131,296 Kms",1st Owner,delhi,"₹ 4,90,928"
86,2017 Honda City,2017 Honda City,2017 Honda City,2017,Petrol,Manual,"13,035 Kms",1st Owner,delhi,"₹ 7,88,145"
87,2018 Hyundai Grand i10,2018 Hyundai Grand i10,2018 Hyundai Grand i10,2018,Petrol,Manual,"12,697 Kms",1st Owner,delhi,"₹ 4,96,500"
88,2014 Maruti Ciaz,2014 Maruti Ciaz,2014 Maruti Ciaz,2014,Diesel,Manual,"96,723 Kms",1st Owner,delhi,"₹ 4,90,500"
89,2012 Hyundai EON,2012 Hyundai EON,2012 Hyundai EON,2011,Petrol,Manual,"75,986 Kms",1st Owner,delhi,"₹ 1,57,500"
90,2020 Maruti Baleno,2020 Maruti Baleno,2020 Maruti Baleno,2020,Petrol,Manual,"9,437 Kms",1st Owner,delhi,"₹ 5,76,000"
91,2018 Maruti Baleno,2018 Maruti Baleno,2018 Maruti Baleno,2018,Diesel,Manual,"48,118 Kms",1st Owner,delhi,"₹ 5,70,912"
92,2018 Hyundai Verna,2018 Hyundai Verna,2018 Hyundai Verna,2018,Petrol,Manual,"8,742 Kms",1st Owner,delhi,"₹ 8,91,726"
93,2016 Mahindra TUV 300,2016 Mahindra TUV 300,2016 Mahindra TUV 300,2016,Diesel,Automatic,"86,927 Kms",1st Owner,delhi,"₹ 5,51,000"
94,2015 Ford Ecosport,2015 Ford Ecosport,2015 Ford Ecosport,2015,Diesel,Manual,"36,775 Kms",1st Owner,delhi,"₹ 5,56,000"
95,2013 Hyundai Verna,2013 Hyundai Verna,2013 Hyundai Verna,2013,Diesel,Manual,"69,239 Kms",1st Owner,delhi,"₹ 4,14,000"
96,2018 Mahindra Bolero,2018 Mahindra Bolero,2018 Mahindra Bolero,2018,Diesel,Manual,"25,420 Kms",1st Owner,delhi,"₹ 6,76,508"
97,2019 Hyundai EON,2019 Hyundai EON,2019 Hyundai EON,2018,Petrol,Manual,"31,472 Kms",1st Owner,delhi,"₹ 2,98,000"
98,2018 Tata Nexon,2018 Tata Nexon,2018 Tata Nexon,2017,Diesel,Manual,"32,832 Kms",1st Owner,delhi,"₹ 6,84,000"
99,2018 Honda City,2018 Honda City,2018 Honda City,2018,Petrol,Manual,"22,798 Kms",1st Owner,delhi,"₹ 9,03,000"
100,2011 Volkswagen Vento,2011 Volkswagen Vento,2011 Volkswagen Vento,2011,Petrol,Manual,"77,531 Kms",1st Owner,delhi,"₹ 3,00,000"
101,2018 Ford Ecosport,2018 Ford Ecosport,2018 Ford Ecosport,2018,Diesel,Manual,"70,944 Kms",1st Owner,delhi,"₹ 7,77,500"
102,2016 Mahindra KUV 100,2016 Mahindra KUV 100,2016 Mahindra KUV 100,2016,Diesel,Manual,"99,534 Kms",2nd Owner,delhi,"₹ 3,02,640"
103,2017 Maruti Swift Dzire,2017 Maruti Swift Dzire,2017 Maruti Swift Dzire,2017,Diesel,Manual,"41,508 Kms",1st Owner,delhi,"₹ 5,85,000"
104,2015 Honda City,2015 Honda City,2015 Honda City,2015,Petrol,Manual,"78,296 Kms",2nd Owner,delhi,"₹ 5,41,681"
105,2017 Hyundai i20,2017 Hyundai i20,2017 Hyundai i20,2016,Petrol,DL7C,"50,024 Kms",1st Owner,delhi,"₹ 5,69,000"
106,2017 Hyundai i20,2017 Hyundai i20,2017 Hyundai i20,2016,Diesel,Manual,"64,390 Kms",1st Owner,delhi,"₹ 5,44,500"
107,2014 Maruti Swift Dzire,2014 Maruti Swift Dzire,2014 Maruti Swift Dzire,2014,Petrol,Manual,"102,690 Kms",1st Owner,delhi,"₹ 4,16,500"
108,2017 Maruti Swift Dzire,2017 Maruti Swift Dzire,2017 Maruti Swift Dzire,2017,Diesel,Manual,"46,403 Kms",1st Owner,delhi,"₹ 6,13,000"
109,2017 Tata Tigor,2017 Tata Tigor,2017 Tata Tigor,2017,Petrol,Manual,"69,465 Kms",2nd Owner,delhi,"₹ 3,44,000"
110,2012 Volkswagen Vento,2012 Volkswagen Vento,2012 Volkswagen Vento,2012,Diesel,Manual,"85,123 Kms",1st Owner,delhi,"₹ 3,07,500"
111,2018 Maruti Swift,2018 Maruti Swift,2018 Maruti Swift,2018,Diesel,Manual,"75,710 Kms",1st Owner,delhi,"₹ 6,18,500"
112,2017 Honda Jazz,2017 Honda Jazz,2017 Honda Jazz,2016,Petrol,Automatic,"21,369 Kms",1st Owner,delhi,"₹ 5,94,000"
113,2014 Maruti Swift Dzire,2014 Maruti Swift Dzire,2014 Maruti Swift Dzire,2014,Diesel,Manual,"78,327 Kms",1st Owner,delhi,"₹ 3,45,000"
114,2015 Toyota Etios Cross,2015 Toyota Etios Cross,2015 Toyota Etios Cross,2015,Petrol,Manual,"35,717 Kms",1st Owner,delhi,"₹ 4,12,855"
115,2019 Renault Triber,2019 Renault Triber,2019 Renault Triber,2019,Petrol,Manual,"17,062 Kms",1st Owner,delhi,"₹ 5,09,500"
116,2016 Maruti Baleno,2016 Maruti Baleno,2016 Maruti Baleno,2016,Petrol,Manual,"47,156 Kms",2nd Owner,delhi,"₹ 4,82,500"
117,2019 Tata Tigor,2019 Tata Tigor,2019 Tata Tigor,2019,Petrol,Manual,"15,681 Kms",1st Owner,delhi,"₹ 5,50,500"
118,2011 Honda City,2011 Honda City,2011 Honda City,2011,Petrol,Manual,"92,331 Kms",1st Owner,delhi,"₹ 3,26,500"
119,2013 Nissan Sunny,2013 Nissan Sunny,2013 Nissan Sunny,2013,Diesel,Manual,"54,251 Kms",1st Owner,delhi,"₹ 2,75,290"
120,2013 Hyundai i20,2013 Hyundai i20,2013 Hyundai i20,2013,Petrol,Manual,"54,952 Kms",1st Owner,delhi,"₹ 3,40,357"
121,2016 Maruti Alto K10,2016 Maruti Alto K10,2016 Maruti Alto K10,2016,CNG,Manual,"55,252 Kms",1st Owner,delhi,"₹ 3,25,500"
122,2017 Maruti Celerio,2017 Maruti Celerio,2017 Maruti Celerio,2016,Petrol,DL6C,"15,785 Kms",1st Owner,delhi,"₹ 4,25,500"
123,2011 Toyota Etios,2011 Toyota Etios,2011 Toyota Etios,2011,Petrol,Manual,"55,742 Kms",1st Owner,delhi,"₹ 2,40,000"
124,2016 Maruti Celerio,2016 Maruti Celerio,2016 Maruti Celerio,2016,Petrol,DL3C,"48,964 Kms",1st Owner,delhi,"₹ 3,81,500"
125,2015 Maruti Ciaz,2015 Maruti Ciaz,2015 Maruti Ciaz,2015,Petrol,Automatic,"97,767 Kms",2nd Owner,delhi,"₹ 5,58,000"
126,2019 Maruti Ignis,2019 Maruti Ignis,2019 Maruti Ignis,2018,Petrol,DL4C,"29,837 Kms",1st Owner,delhi,"₹ 5,20,500"
127,2016 Maruti Ciaz,2016 Maruti Ciaz,2016 Maruti Ciaz,2016,Diesel,Manual,"69,653 Kms",2nd Owner,delhi,"₹ 6,21,500"
128,2018 Maruti Ciaz,2018 Maruti Ciaz,2018 Maruti Ciaz,2018,Petrol,Manual,"57,902 Kms",1st Owner,delhi,"₹ 6,74,500"
129,2016 Maruti Alto K10,2016 Maruti Alto K10,2016 Maruti Alto K10,2016,CNG,DL9C,"55,252 Kms",1st Owner,delhi,"₹ 3,25,500"
130,2017 Hyundai i20,2017 Hyundai i20,2017 Hyundai i20,2017,Petrol,Manual,"36,375 Kms",1st Owner,delhi,"₹ 5,62,000"
131,2014 Skoda Rapid,2014 Skoda Rapid,2014 Skoda Rapid,2014,Diesel,Manual,"67,574 Kms",1st Owner,delhi,"₹ 3,56,000"
132,2020 Maruti Ertiga,2020 Maruti Ertiga,2020 Maruti Ertiga,2020,Petrol,Manual,"45,458 Kms",1st Owner,delhi,"₹ 9,74,000"
133,2016 Maruti Eeco,2016 Maruti Eeco,2016 Maruti Eeco,2016,Petrol,Manual,"95,285 Kms",1st Owner,delhi,"₹ 2,89,500"
134,2013 Maruti Ertiga,2013 Maruti Ertiga,2013 Maruti Ertiga,2013,Petrol,Manual,"29,077 Kms",1st Owner,delhi,"₹ 4,48,500"
135,2014 Renault Duster,2014 Renault Duster,2014 Renault Duster,2014,Diesel,Manual,"65,675 Kms",2nd Owner,delhi,"₹ 3,32,000"
136,2014 Hyundai Xcent,2014 Hyundai Xcent,2014 Hyundai Xcent,2014,Petrol,Manual,"35,706 Kms",2nd Owner,delhi,"₹ 3,52,500"
137,2011 Hyundai Verna,2011 Hyundai Verna,2011 Hyundai Verna,2011,Petrol,Manual,"63,825 Kms",1st Owner,delhi,"₹ 3,00,000"
138,2017 Maruti Ertiga,2017 Maruti Ertiga,2017 Maruti Ertiga,2017,Diesel,Manual,"44,494 Kms",2nd Owner,delhi,"₹ 6,54,000"
139,2018 Maruti Swift,2018 Maruti Swift,2018 Maruti Swift,2018,Diesel,Manual,"27,038 Kms",1st Owner,delhi,"₹ 5,44,344"
140,2019 Maruti Alto K10,2019 Maruti Alto K10,2019 Maruti Alto K10,2018,Petrol,Manual,"15,164 Kms",1st Owner,delhi,"₹ 3,61,000"
141,2017 Maruti Alto K10,2017 Maruti Alto K10,2017 Maruti Alto K10,2017,Petrol,Manual,"23,354 Kms",1st Owner,delhi,"₹ 3,27,000"
142,2018 Maruti Swift Dzire,2018 Maruti Swift Dzire,2018 Maruti Swift Dzire,2018,Petrol,Manual,"49,514 Kms",1st Owner,delhi,"₹ 5,79,500"
143,2016 Maruti Alto K10,2016 Maruti Alto K10,2016 Maruti Alto K10,2016,Petrol,Automatic,"21,863 Kms",1st Owner,delhi,"₹ 3,48,000"
144,2014 Maruti Swift Dzire,2014 Maruti Swift Dzire,2014 Maruti Swift Dzire,2014,Diesel,Manual,"63,004 Kms",1st Owner,delhi,"₹ 4,45,450"
145,2020 Maruti S-Presso,2020 Maruti S-Presso,2020 Maruti S-Presso,2020,Petrol,Manual,"18,653 Kms",1st Owner,delhi,"₹ 4,45,000"
146,2016 Hyundai i20,2016 Hyundai i20,2016 Hyundai i20,2016,Diesel,Manual,"47,565 Kms",1st Owner,delhi,"₹ 5,19,185"
147,2017 Maruti Alto K10,2017 Maruti Alto K10,2017 Maruti Alto K10,2017,Petrol,Manual,"21,200 Kms",2nd Owner,delhi,"₹ 3,56,250"
148,2015 Maruti Swift,2015 Maruti Swift,2015 Maruti Swift,2015,Diesel,Manual,"76,418 Kms",1st Owner,delhi,"₹ 4,09,500"
149,2020 Tata Tiago,2020 Tata Tiago,2020 Tata Tiago,2019,Petrol,Manual,"9,545 Kms",1st Owner,delhi,"₹ 5,48,739"
150,2016 Maruti Baleno,2016 Maruti Baleno,2016 Maruti Baleno,2015,Diesel,Manual,"65,425 Kms",1st Owner,delhi,"₹ 5,11,500"
151,2018 Maruti Swift,2018 Maruti Swift,2018 Maruti Swift,2018,Petrol,Automatic,"20,878 Kms",1st Owner,delhi,"₹ 6,68,578"
152,2016 Hyundai i20,2016 Hyundai i20,2016 Hyundai i20,2016,Diesel,Manual,"57,732 Kms",1st Owner,delhi,"₹ 5,22,000"
153,2016 Maruti Ciaz,2016 Maruti Ciaz,2016 Maruti Ciaz,2016,Diesel,Manual,"78,494 Kms",1st Owner,delhi,"₹ 6,22,109"
154,2017 Hyundai i20,2017 Hyundai i20,2017 Hyundai i20,2016,Diesel,Manual,"97,760 Kms",1st Owner,delhi,"₹ 5,45,000"
155,2017 Maruti Swift Dzire,2017 Maruti Swift Dzire,2017 Maruti Swift Dzire,2017,Diesel,Manual,"78,863 Kms",1st Owner,delhi,"₹ 6,82,104"
156,2019 Maruti Baleno,2019 Maruti Baleno,2019 Maruti Baleno,2018,Petrol,Manual,"21,377 Kms",1st Owner,delhi,"₹ 5,26,500"
157,2019 Maruti Alto K10,2019 Maruti Alto K10,2019 Maruti Alto K10,2019,Petrol,Manual,"9,747 Kms",1st Owner,delhi,"₹ 3,76,500"
158,2019 Toyota Etios Liva,2019 Toyota Etios Liva,2019 Toyota Etios Liva,2019,Petrol,Manual,"18,518 Kms",1st Owner,delhi,"₹ 6,25,000"
159,2017 Maruti Ignis,2017 Maruti Ignis,2017 Maruti Ignis,2017,Petrol,DL9C,"18,495 Kms",1st Owner,delhi,"₹ 4,49,198"
160,2016 Maruti Alto K10,2016 Maruti Alto K10,2016 Maruti Alto K10,2016,Petrol,Manual,"39,557 Kms",2nd Owner,delhi,"₹ 2,74,000"
161,2019 Maruti Alto K10,2019 Maruti Alto K10,2019 Maruti Alto K10,2019,Petrol,Manual,"7,213 Kms",1st Owner,delhi,"₹ 3,79,000"
162,2018 Maruti Baleno,2018 Maruti Baleno,2018 Maruti Baleno,2018,Petrol,Manual,"17,036 Kms",1st Owner,delhi,"₹ 6,45,500"
163,2017 Maruti Alto K10,2017 Maruti Alto K10,2017 Maruti Alto K10,2017,Petrol,Manual,"26,905 Kms",1st Owner,delhi,"₹ 3,24,000"
164,2014 Hyundai i20,2014 Hyundai i20,2014 Hyundai i20,2014,Diesel,Manual,"134,322 Kms",1st Owner,delhi,"₹ 3,86,970"
165,2015 Hyundai Grand i10,2015 Hyundai Grand i10,2015 Hyundai Grand i10,2015,Petrol,Manual,"102,032 Kms",1st Owner,delhi,"₹ 3,56,500"
166,2016 Maruti Ciaz,2016 Maruti Ciaz,2016 Maruti Ciaz,2016,Petrol,DL6C,"24,540 Kms",1st Owner,delhi,"₹ 6,92,500"
167,2014 Ford Ecosport,2014 Ford Ecosport,2014 Ford Ecosport,2014,Diesel,Manual,"79,086 Kms",2nd Owner,delhi,"₹ 4,54,596"
168,2016 Maruti Swift Dzire,2016 Maruti Swift Dzire,2016 Maruti Swift Dzire,2016,Petrol,Manual,"22,725 Kms",1st Owner,delhi,"₹ 4,98,742"
169,2015 Maruti Ciaz,2015 Maruti Ciaz,2015 Maruti Ciaz,2015,Diesel,Manual,"58,323 Kms",1st Owner,delhi,"₹ 5,07,500"
170,2016 Maruti Alto K10,2016 Maruti Alto K10,2016 Maruti Alto K10,2016,Petrol,Manual,"41,147 Kms",1st Owner,delhi,"₹ 2,85,500"
171,2019 Renault Triber,2019 Renault Triber,2019 Renault Triber,2019,Petrol,Manual,"9,167 Kms",1st Owner,delhi,"₹ 5,96,500"
172,2018 Maruti Swift Dzire,2018 Maruti Swift Dzire,2018 Maruti Swift Dzire,2018,Petrol,Manual,"29,404 Kms",1st Owner,delhi,"₹ 6,16,890"
173,2016 Ford Ecosport,2016 Ford Ecosport,2016 Ford Ecosport,2016,Diesel,Manual,"94,151 Kms",1st Owner,delhi,"₹ 5,58,816"
174,2017 Maruti Vitara Brezza,2017 Maruti Vitara Brezza,2017 Maruti Vitara Brezza,2017,Diesel,Manual,"57,301 Kms",1st Owner,delhi,"₹ 7,06,076"
175,2017 Maruti Alto K10,2017 Maruti Alto K10,2017 Maruti Alto K10,2017,Petrol,Manual,"17,124 Kms",2nd Owner,delhi,"₹ 3,05,000"
176,2014 Hyundai Grand i10,2014 Hyundai Grand i10,2014 Hyundai Grand i10,2014,Petrol,Manual,"54,147 Kms",2nd Owner,delhi,"₹ 3,54,784"
177,2017 Maruti Alto K10,2017 Maruti Alto K10,2017 Maruti Alto K10,2017,Petrol,Automatic,"44,151 Kms",2nd Owner,delhi,"₹ 3,29,000"
178,2017 Maruti Ciaz,2017 Maruti Ciaz,2017 Maruti Ciaz,2017,Petrol,Manual,"26,793 Kms",1st Owner,delhi,"₹ 6,80,000"
179,2016 Maruti Vitara Brezza,2016 Maruti Vitara Brezza,2016 Maruti Vitara Brezza,2016,Diesel,Manual,"95,655 Kms",1st Owner,delhi,"₹ 6,35,500"
180,2013 Maruti Wagon R Stingray,2013 Maruti Wagon R Stingray,2013 Maruti Wagon R Stingray,2013,Petrol,Manual,"61,825 Kms",1st Owner,delhi,"₹ 2,98,000"
181,2017 Maruti Celerio,2017 Maruti Celerio,2017 Maruti Celerio,2017,Petrol,Automatic,"37,743 Kms",1st Owner,delhi,"₹ 4,19,388"
182,2019 Hyundai Venue,2019 Hyundai Venue,2019 Hyundai Venue,2019,Petrol,Manual,"16,860 Kms",1st Owner,delhi,"₹ 9,50,000"
183,2012 Maruti Swift Dzire,2012 Maruti Swift Dzire,2012 Maruti Swift Dzire,2012,Petrol,Automatic,"56,773 Kms",2nd Owner,delhi,"₹ 3,44,760"
184,-,-,-,-,-,-,-,-,delhi,-
185,2016 Maruti Alto 800,2016 Maruti Alto 800,2016 Maruti Alto 800,2016,Petrol,Manual,"16,473 Kms",1st Owner,delhi,"₹ 2,66,000"
186,2017 Maruti Alto 800,2017 Maruti Alto 800,2017 Maruti Alto 800,2017,Petrol,Manual,"19,459 Kms",1st Owner,delhi,"₹ 2,93,000"
187,2016 Renault KWID,2016 Renault KWID,2016 Renault KWID,2015,Petrol,Manual,"15,728 Kms",1st Owner,delhi,"₹ 2,64,000"
188,2017 Maruti Eeco,2017 Maruti Eeco,2017 Maruti Eeco,2017,CNG,Manual,"82,345 Kms",1st Owner,delhi,"₹ 3,12,860"
189,2016 Maruti Swift,2016 Maruti Swift,2016 Maruti Swift,2016,Petrol,Manual,"140,039 Kms",1st Owner,delhi,"₹ 3,92,000"
190,2016 Maruti Baleno,2016 Maruti Baleno,2016 Maruti Baleno,2016,Petrol,Manual,"55,291 Kms",1st Owner,delhi,"₹ 4,87,500"
191,2014 Ford Ecosport,2014 Ford Ecosport,2014 Ford Ecosport,2013,Diesel,Manual,"91,401 Kms",2nd Owner,delhi,"₹ 4,18,000"
192,2019 Maruti Wagon R,2019 Maruti Wagon R,2019 Maruti Wagon R,2019,Petrol,Manual,"5,627 Kms",1st Owner,delhi,"₹ 4,73,000"
193,2018 Maruti Wagon R,2018 Maruti Wagon R,2018 Maruti Wagon R,2018,Petrol,Manual,"10,448 Kms",1st Owner,delhi,"₹ 4,21,500"
194,2019 Maruti Swift Dzire,2019 Maruti Swift Dzire,2019 Maruti Swift Dzire,2018,Diesel,Manual,"54,348 Kms",1st Owner,delhi,"₹ 5,64,500"
195,2011 Maruti Swift,2011 Maruti Swift,2011 Maruti Swift,2011,Petrol,Manual,"47,914 Kms",1st Owner,delhi,"₹ 2,89,000"
196,2017 Maruti Swift,2017 Maruti Swift,2017 Maruti Swift,2017,Petrol,Manual,"23,372 Kms",1st Owner,delhi,"₹ 4,53,500"
197,2013 Maruti Swift,2013 Maruti Swift,2013 Maruti Swift,2013,Petrol,Manual,"74,882 Kms",1st Owner,delhi,"₹ 3,44,000"
198,2019 Maruti Wagon R,2019 Maruti Wagon R,2019 Maruti Wagon R,2019,Petrol,Manual,"12,659 Kms",1st Owner,delhi,"₹ 4,80,000"
199,2016 Maruti Wagon R,2016 Maruti Wagon R,2016 Maruti Wagon R,2016,Petrol,Manual,"63,691 Kms",1st Owner,delhi,"₹ 3,25,500"
200,2014 Maruti Swift Dzire,2014 Maruti Swift Dzire,2014 Maruti Swift Dzire,2014,Petrol,Manual,"89,888 Kms",1st Owner,delhi,"₹ 3,72,000"
201,2012 Hyundai i10,2012 Hyundai i10,2012 Hyundai i10,2012,Petrol,Automatic,"85,915 Kms",2nd Owner,delhi,"₹ 2,75,000"
202,2012 Hyundai Verna,2012 Hyundai Verna,2012 Hyundai Verna,2012,Petrol,Manual,"44,385 Kms",1st Owner,delhi,"₹ 4,26,000"
203,2020 Hyundai Venue,2020 Hyundai Venue,2020 Hyundai Venue,2020,Petrol,Manual,"13,293 Kms",1st Owner,delhi,"₹ 9,98,160"
204,2020 Maruti Alto 800,2020 Maruti Alto 800,2020 Maruti Alto 800,2019,Petrol,Manual,"7,963 Kms",1st Owner,delhi,"₹ 3,25,500"
205,2019 Maruti Wagon R,2019 Maruti Wagon R,2019 Maruti Wagon R,2019,Petrol,Automatic,"14,561 Kms",1st Owner,delhi,"₹ 5,31,000"
206,2019 Volkswagen Polo,2019 Volkswagen Polo,2019 Volkswagen Polo,2018,Petrol,Manual,"13,739 Kms",1st Owner,delhi,"₹ 6,08,500"
207,2015 Maruti Celerio,2015 Maruti Celerio,2015 Maruti Celerio,2015,Petrol,Manual,"39,047 Kms",2nd Owner,delhi,"₹ 3,20,000"
208,2013 Hyundai i10,2013 Hyundai i10,2013 Hyundai i10,2013,Petrol,Manual,"102,452 Kms",2nd Owner,delhi,"₹ 2,39,500"
209,2018 Hyundai i20,2018 Hyundai i20,2018 Hyundai i20,2018,Petrol,Manual,"58,595 Kms",1st Owner,delhi,"₹ 5,52,500"
210,2010 Hyundai i20,2010 Hyundai i20,2010 Hyundai i20,2010,Petrol,Manual,"78,023 Kms",1st Owner,delhi,"₹ 2,52,364"
211,2019 Volkswagen Ameo,2019 Volkswagen Ameo,2019 Volkswagen Ameo,2019,Petrol,Manual,"61,925 Kms",2nd Owner,delhi,"₹ 5,28,144"
212,2016 Maruti Swift Dzire,2016 Maruti Swift Dzire,2016 Maruti Swift Dzire,2016,Petrol,Manual,"55,795 Kms",1st Owner,delhi,"₹ 4,78,000"
213,2017 Maruti Wagon R,2017 Maruti Wagon R,2017 Maruti Wagon R,2017,Petrol,Manual,"24,728 Kms",1st Owner,delhi,"₹ 3,90,830"
214,2016 Maruti Wagon R,2016 Maruti Wagon R,2016 Maruti Wagon R,2016,Petrol,Manual,"35,148 Kms",1st Owner,delhi,"₹ 3,27,000"
215,2013 Maruti Alto K10,2013 Maruti Alto K10,2013 Maruti Alto K10,2012,Petrol,Manual,"62,877 Kms",1st Owner,delhi,"₹ 2,08,000"
216,2019 Hyundai Xcent,2019 Hyundai Xcent,2019 Hyundai Xcent,2019,Petrol,Manual,"23,435 Kms",1st Owner,delhi,"₹ 5,59,500"
217,2018 Hyundai Creta,2018 Hyundai Creta,2018 Hyundai Creta,2018,Diesel,Manual,"68,110 Kms",1st Owner,delhi,"₹ 8,95,500"
218,2013 Ford Ecosport,2013 Ford Ecosport,2013 Ford Ecosport,2013,Diesel,Manual,"70,802 Kms",1st Owner,delhi,"₹ 5,10,540"
219,2017 Maruti Ciaz,2017 Maruti Ciaz,2017 Maruti Ciaz,2017,Diesel,Manual,"51,421 Kms",1st Owner,delhi,"₹ 6,24,000"
220,2012 Toyota Etios,2012 Toyota Etios,2012 Toyota Etios,2012,Diesel,Manual,"67,585 Kms",1st Owner,delhi,"₹ 2,97,000"
221,2016 Maruti Wagon R Stingray,2016 Maruti Wagon R Stingray,2016 Maruti Wagon R Stingray,2016,Petrol,DL1C,"62,425 Kms",1st Owner,delhi,"₹ 3,77,079"
222,2018 Toyota Etios Liva,2018 Toyota Etios Liva,2018 Toyota Etios Liva,2018,Diesel,Manual,"56,472 Kms",1st Owner,delhi,"₹ 5,41,536"
223,2013 Toyota Etios,2013 Toyota Etios,2013 Toyota Etios,2013,Diesel,Manual,"80,471 Kms",1st Owner,delhi,"₹ 3,46,500"
224,2018 Ford Ecosport,2018 Ford Ecosport,2018 Ford Ecosport,2018,Diesel,Manual,"80,505 Kms",2nd Owner,delhi,"₹ 7,38,000"
225,2016 Maruti Ciaz,2016 Maruti Ciaz,2016 Maruti Ciaz,2016,Diesel,Manual,"78,494 Kms",1st Owner,delhi,"₹ 6,22,109"
226,2015 Honda City,2015 Honda City,2015 Honda City,2015,Petrol,Manual,"98,792 Kms",1st Owner,delhi,"₹ 6,83,988"
227,2019 Maruti Swift,2019 Maruti Swift,2019 Maruti Swift,2019,Petrol,Manual,"23,742 Kms",1st Owner,delhi,"₹ 5,21,500"
228,2014 Renault Duster,2014 Renault Duster,2014 Renault Duster,2014,Diesel,DL8C,"112,117 Kms",1st Owner,delhi,"₹ 4,05,618"
229,2017 Hyundai i20,2017 Hyundai i20,2017 Hyundai i20,2016,Diesel,Manual,"97,760 Kms",1st Owner,delhi,"₹ 5,45,000"
230,2015 Toyota Etios Liva,2015 Toyota Etios Liva,2015 Toyota Etios Liva,2014,Diesel,Manual,"67,058 Kms",1st Owner,delhi,"₹ 4,29,311"
231,2017 Maruti Swift Dzire,2017 Maruti Swift Dzire,2017 Maruti Swift Dzire,2017,Diesel,Manual,"78,863 Kms",1st Owner,delhi,"₹ 6,82,104"
232,2017 Maruti Ciaz,2017 Maruti Ciaz,2017 Maruti Ciaz,2017,Petrol,Manual,"43,559 Kms",1st Owner,delhi,"₹ 6,35,000"
233,2017 Renault Duster,2017 Renault Duster,2017 Renault Duster,2016,Diesel,Automatic,"72,273 Kms",1st Owner,delhi,"₹ 6,38,500"
234,2017 Honda Jazz,2017 Honda Jazz,2017 Honda Jazz,2017,Petrol,Manual,"58,269 Kms",1st Owner,delhi,"₹ 5,41,500"
235,2016 Maruti Ciaz,2016 Maruti Ciaz,2016 Maruti Ciaz,2016,Diesel,Manual,"79,481 Kms",1st Owner,delhi,"₹ 6,00,191"
236,2015 Maruti Swift,2015 Maruti Swift,2015 Maruti Swift,2015,Petrol,Manual,"13,958 Kms",1st Owner,delhi,"₹ 4,16,400"
237,2017 Hyundai i20,2017 Hyundai i20,2017 Hyundai i20,2017,Petrol,Manual,"47,053 Kms",1st Owner,delhi,"₹ 4,72,000"
238,2017 Honda Jazz,2017 Honda Jazz,2017 Honda Jazz,2017,Petrol,Manual,"58,269 Kms",1st Owner,delhi,"₹ 5,41,500"
239,2016 Maruti Ciaz,2016 Maruti Ciaz,2016 Maruti Ciaz,2016,Diesel,Manual,"79,481 Kms",1st Owner,delhi,"₹ 6,00,191"
240,2015 Maruti Swift,2015 Maruti Swift,2015 Maruti Swift,2015,Petrol,Manual,"13,958 Kms",1st Owner,delhi,"₹ 4,16,400"
241,2017 Hyundai i20,2017 Hyundai i20,2017 Hyundai i20,2017,Petrol,Manual,"47,053 Kms",1st Owner,delhi,"₹ 4,72,000"
242,2015 Ford Ecosport,2015 Ford Ecosport,2015 Ford Ecosport,2015,Diesel,Manual,"87,208 Kms",1st Owner,delhi,"₹ 5,39,500"
243,2019 Maruti Celerio,2019 Maruti Celerio,2019 Maruti Celerio,2019,Petrol,Automatic,"7,347 Kms",1st Owner,delhi,"₹ 4,89,112"
244,2020 Maruti Baleno,2020 Maruti Baleno,2020 Maruti Baleno,2020,Petrol,Manual,"13,803 Kms",1st Owner,delhi,"₹ 5,76,000"
245,2020 Maruti Baleno,2020 Maruti Baleno,2020 Maruti Baleno,2020,Petrol,HR29,"13,258 Kms",1st Owner,delhi,"₹ 5,78,500"
246,2016 Hyundai i20,2016 Hyundai i20,2016 Hyundai i20,2016,Petrol,Manual,"28,562 Kms",1st Owner,delhi,"₹ 5,58,000"
247,2019 Maruti Baleno,2019 Maruti Baleno,2019 Maruti Baleno,2018,Petrol,Manual,"21,377 Kms",1st Owner,delhi,"₹ 5,26,500"
248,2016 Maruti Baleno,2016 Maruti Baleno,2016 Maruti Baleno,2016,Diesel,Manual,"36,993 Kms",1st Owner,delhi,"₹ 4,89,000"
249,2019 Maruti Alto K10,2019 Maruti Alto K10,2019 Maruti Alto K10,2019,Petrol,Manual,"9,747 Kms",1st Owner,delhi,"₹ 3,76,500"
250,2016 Maruti Swift Dzire,2016 Maruti Swift Dzire,2016 Maruti Swift Dzire,2015,Diesel,Manual,"54,632 Kms",1st Owner,delhi,"₹ 4,80,000"
251,2017 Maruti Vitara Brezza,2017 Maruti Vitara Brezza,2017 Maruti Vitara Brezza,2017,Diesel,Manual,"82,513 Kms",1st Owner,delhi,"₹ 7,30,752"
252,2015 Hyundai i10,2015 Hyundai i10,2015 Hyundai i10,2015,Petrol,Manual,"63,324 Kms",1st Owner,delhi,"₹ 3,46,758"
253,2012 Maruti Alto K10,2012 Maruti Alto K10,2012 Maruti Alto K10,2012,Petrol,DL3C,"15,979 Kms",1st Owner,delhi,"₹ 2,23,152"
254,2017 Hyundai Grand i10,2017 Hyundai Grand i10,2017 Hyundai Grand i10,2017,Diesel,Manual,"61,639 Kms",1st Owner,delhi,"₹ 4,10,215"
255,2019 Toyota Etios Liva,2019 Toyota Etios Liva,2019 Toyota Etios Liva,2019,Petrol,Manual,"18,518 Kms",1st Owner,delhi,"₹ 6,25,000"
256,2015 Ford Ecosport,2015 Ford Ecosport,2015 Ford Ecosport,2015,Diesel,Manual,"86,059 Kms",1st Owner,delhi,"₹ 5,48,000"
257,2018 Maruti Alto K10,2018 Maruti Alto K10,2018 Maruti Alto K10,2018,Petrol,Manual,"13,215 Kms",1st Owner,delhi,"₹ 3,63,000"
258,2019 Maruti Swift,2019 Maruti Swift,2019 Maruti Swift,2018,Diesel,Automatic,"56,585 Kms",1st Owner,delhi,"₹ 7,11,500"
259,2018 Maruti Alto K10,2018 Maruti Alto K10,2018 Maruti Alto K10,2018,Petrol,Manual,"13,911 Kms",1st Owner,delhi,"₹ 3,47,460"
260,2013 Maruti Swift,2013 Maruti Swift,2013 Maruti Swift,2013,Diesel,Manual,"74,496 Kms",1st Owner,delhi,"₹ 3,03,283"
261,2013 Maruti Swift Dzire,2013 Maruti Swift Dzire,2013 Maruti Swift Dzire,2013,Diesel,Manual,"54,025 Kms",1st Owner,delhi,"₹ 4,13,243"
262,2015 Honda Brio,2015 Honda Brio,2015 Honda Brio,2014,Petrol,Automatic,"26,813 Kms",1st Owner,delhi,"₹ 5,10,366"
263,2018 Maruti Swift,2018 Maruti Swift,2018 Maruti Swift,2018,Diesel,Manual,"67,922 Kms",1st Owner,delhi,"₹ 5,39,808"
264,2017 Maruti Ignis,2017 Maruti Ignis,2017 Maruti Ignis,2017,Petrol,Manual,"32,643 Kms",1st Owner,delhi,"₹ 5,03,196"
265,2017 Maruti Ignis,2017 Maruti Ignis,2017 Maruti Ignis,2017,Petrol,DL9C,"18,495 Kms",1st Owner,delhi,"₹ 4,49,198"
266,2018 Maruti Baleno,2018 Maruti Baleno,2018 Maruti Baleno,2018,Petrol,Manual,"18,792 Kms",1st Owner,delhi,"₹ 5,65,000"
267,2016 Honda Jazz,2016 Honda Jazz,2016 Honda Jazz,2015,Diesel,Manual,"65,911 Kms",1st Owner,delhi,"₹ 6,96,000"
268,2015 Hyundai Grand i10,2015 Hyundai Grand i10,2015 Hyundai Grand i10,2015,Petrol,Automatic,"32,105 Kms",2nd Owner,delhi,"₹ 4,77,134"
269,2014 Honda City,2014 Honda City,2014 Honda City,2014,Diesel,Manual,"104,585 Kms",2nd Owner,delhi,"₹ 4,82,190"
270,2018 Hyundai i20,2018 Hyundai i20,2018 Hyundai i20,2018,Petrol,Manual,"42,964 Kms",1st Owner,delhi,"₹ 6,57,879"
271,2016 Maruti Alto K10,2016 Maruti Alto K10,2016 Maruti Alto K10,2016,Petrol,Manual,"39,557 Kms",2nd Owner,delhi,"₹ 2,74,000"
272,2013 Hyundai i10,2013 Hyundai i10,2013 Hyundai i10,2013,Petrol,Manual,"62,594 Kms",1st Owner,delhi,"₹ 3,01,074"
273,2019 Hyundai Grand i10,2019 Hyundai Grand i10,2019 Hyundai Grand i10,2019,Petrol,Manual,"6,928 Kms",1st Owner,delhi,"₹ 5,24,000"
274,2016 Hyundai i20,2016 Hyundai i20,2016 Hyundai i20,2016,Petrol,Manual,"27,045 Kms",1st Owner,delhi,"₹ 5,76,000"
275,2019 Maruti Alto K10,2019 Maruti Alto K10,2019 Maruti Alto K10,2019,Petrol,Manual,"4,383 Kms",1st Owner,delhi,"₹ 3,78,500"
276,2018 Maruti Baleno,2018 Maruti Baleno,2018 Maruti Baleno,2018,Petrol,Manual,"17,036 Kms",1st Owner,delhi,"₹ 6,45,500"
277,2018 Hyundai i20,2018 Hyundai i20,2018 Hyundai i20,2018,Petrol,Manual,"59,908 Kms",1st Owner,delhi,"₹ 6,44,500"
278,2019 Maruti Alto K10,2019 Maruti Alto K10,2019 Maruti Alto K10,2019,Petrol,Manual,"7,213 Kms",1st Owner,delhi,"₹ 3,79,000"
279,2017 Maruti Swift,2017 Maruti Swift,2017 Maruti Swift,2017,Petrol,Manual,"25,165 Kms",1st Owner,delhi,"₹ 4,36,205"
280,2013 Maruti Swift Dzire,2013 Maruti Swift Dzire,2013 Maruti Swift Dzire,2013,Diesel,Manual,"95,912 Kms",1st Owner,delhi,"₹ 3,65,000"
281,2015 Maruti Swift Dzire,2015 Maruti Swift Dzire,2015 Maruti Swift Dzire,2015,Petrol,Manual,"79,842 Kms",1st Owner,delhi,"₹ 4,20,500"
282,2016 Maruti Ciaz,2016 Maruti Ciaz,2016 Maruti Ciaz,2016,Diesel,Manual,"55,985 Kms",2nd Owner,delhi,"₹ 5,01,630"
283,2013 Hyundai Verna,2013 Hyundai Verna,2013 Hyundai Verna,2013,Diesel,Manual,"62,251 Kms",1st Owner,delhi,"₹ 4,08,500"
284,2015 Ford Ecosport,2015 Ford Ecosport,2015 Ford Ecosport,2015,Diesel,Manual,"124,052 Kms",1st Owner,delhi,"₹ 4,59,780"
285,2011 Maruti Alto K10,2011 Maruti Alto K10,2011 Maruti Alto K10,2011,Petrol,Manual,"81,840 Kms",1st Owner,delhi,"₹ 1,73,500"
286,2017 Maruti Alto K10,2017 Maruti Alto K10,2017 Maruti Alto K10,2016,Petrol,Manual,"50,097 Kms",1st Owner,delhi,"₹ 2,73,500"
287,2019 Maruti Ignis,2019 Maruti Ignis,2019 Maruti Ignis,2019,Petrol,Manual,"9,779 Kms",1st Owner,delhi,"₹ 5,41,000"
288,2019 Hyundai Grand i10,2019 Hyundai Grand i10,2019 Hyundai Grand i10,2018,Petrol,Manual,"14,880 Kms",1st Owner,delhi,"₹ 4,79,500"
289,2015 Maruti Baleno,2015 Maruti Baleno,2015 Maruti Baleno,2015,Petrol,Manual,"49,192 Kms",1st Owner,delhi,"₹ 4,66,500"
290,2017 Hyundai i20,2017 Hyundai i20,2017 Hyundai i20,2017,Petrol,DL9C,"16,001 Kms",1st Owner,delhi,"₹ 7,50,000"
291,2017 Maruti Alto K10,2017 Maruti Alto K10,2017 Maruti Alto K10,2017,Petrol,Manual,"26,905 Kms",1st Owner,delhi,"₹ 3,24,000"
292,2017 Maruti Vitara Brezza,2017 Maruti Vitara Brezza,2017 Maruti Vitara Brezza,2017,Diesel,Manual,"71,848 Kms",1st Owner,delhi,"₹ 6,98,000"
293,2019 Maruti Baleno,2019 Maruti Baleno,2019 Maruti Baleno,2019,Petrol,Manual,"27,729 Kms",1st Owner,delhi,"₹ 6,55,000"
294,2014 Hyundai Grand i10,2014 Hyundai Grand i10,2014 Hyundai Grand i10,2014,Petrol,Manual,"54,147 Kms",2nd Owner,delhi,"₹ 3,54,784"
295,2019 Maruti Ignis,2019 Maruti Ignis,2019 Maruti Ignis,2019,Petrol,Manual,"9,024 Kms",1st Owner,delhi,"₹ 5,07,000"
296,2018 Hyundai i20,2018 Hyundai i20,2018 Hyundai i20,2017,Petrol,Manual,"40,661 Kms",2nd Owner,delhi,"₹ 5,31,846"
297,2017 Maruti Alto K10,2017 Maruti Alto K10,2017 Maruti Alto K10,2017,Petrol,Automatic,"44,151 Kms",2nd Owner,delhi,"₹ 3,29,000"
298,2017 Maruti Vitara Brezza,2017 Maruti Vitara Brezza,2017 Maruti Vitara Brezza,2017,Diesel,Manual,"80,132 Kms",1st Owner,delhi,"₹ 7,46,000"
299,2017 Maruti Alto K10,2017 Maruti Alto K10,2017 Maruti Alto K10,2017,Petrol,Automatic,"59,523 Kms",1st Owner,delhi,"₹ 3,20,500"
300,2020 Maruti Vitara Brezza,2020 Maruti Vitara Brezza,2020 Maruti Vitara Brezza,2020,Petrol,Manual,"27,675 Kms",1st Owner,delhi,"₹ 9,35,202"
301,2017 Maruti Swift,2017 Maruti Swift,2017 Maruti Swift,2017,Diesel,Manual,"42,888 Kms",1st Owner,delhi,"₹ 5,00,000"
302,2019 Maruti Swift,2019 Maruti Swift,2019 Maruti Swift,2019,Petrol,Manual,"7,986 Kms",1st Owner,delhi,"₹ 5,62,920"
303,2020 Tata Tiago,2020 Tata Tiago,2020 Tata Tiago,2019,Petrol,UP16,"6,947 Kms",1st Owner,delhi,"₹ 5,40,500"
304,2013 Maruti Alto K10,2013 Maruti Alto K10,2013 Maruti Alto K10,2013,Petrol,Manual,"63,762 Kms",1st Owner,delhi,"₹ 2,54,500"
305,2019 Hyundai Grand i10,2019 Hyundai Grand i10,2019 Hyundai Grand i10,2018,Petrol,Manual,"28,944 Kms",1st Owner,delhi,"₹ 4,72,500"
306,2019 Hyundai Grand i10,2019 Hyundai Grand i10,2019 Hyundai Grand i10,2019,Petrol,Manual,"12,598 Kms",1st Owner,delhi,"₹ 5,50,500"
307,2017 Maruti Vitara Brezza,2017 Maruti Vitara Brezza,2017 Maruti Vitara Brezza,2017,Diesel,Manual,"21,355 Kms",1st Owner,delhi,"₹ 7,61,500"
308,2014 Hyundai i20,2014 Hyundai i20,2014 Hyundai i20,2014,Diesel,Manual,"134,322 Kms",1st Owner,delhi,"₹ 3,86,970"
309,2015 Maruti Ciaz,2015 Maruti Ciaz,2015 Maruti Ciaz,2014,Diesel,Manual,"77,891 Kms",1st Owner,delhi,"₹ 5,07,000"
310,2016 Maruti Ciaz,2016 Maruti Ciaz,2016 Maruti Ciaz,2016,Petrol,DL6C,"24,540 Kms",1st Owner,delhi,"₹ 6,92,500"
311,2016 Ford Figo Aspire,2016 Ford Figo Aspire,2016 Ford Figo Aspire,2015,Diesel,Manual,"59,092 Kms",1st Owner,delhi,"₹ 3,90,000"
312,2014 Volkswagen Polo,2014 Volkswagen Polo,2014 Volkswagen Polo,2014,Diesel,Manual,"76,025 Kms",1st Owner,delhi,"₹ 3,72,000"
313,2015 Hyundai Grand i10,2015 Hyundai Grand i10,2015 Hyundai Grand i10,2015,Petrol,Manual,"102,032 Kms",1st Owner,delhi,"₹ 3,56,500"
314,2018 Maruti Ignis,2018 Maruti Ignis,2018 Maruti Ignis,2018,Petrol,Manual,"39,393 Kms",1st Owner,delhi,"₹ 4,64,000"
315,2015 Hyundai i20,2015 Hyundai i20,2015 Hyundai i20,2015,Diesel,Manual,"59,646 Kms",1st Owner,delhi,"₹ 5,44,668"
316,2016 Maruti Alto K10,2016 Maruti Alto K10,2016 Maruti Alto K10,2015,Petrol,Manual,"85,613 Kms",1st Owner,delhi,"₹ 2,65,500"
317,2015 Honda City,2015 Honda City,2015 Honda City,2015,Diesel,Manual,"122,818 Kms",1st Owner,delhi,"₹ 5,48,532"
318,2015 Hyundai i20,2015 Hyundai i20,2015 Hyundai i20,2014,Petrol,Manual,"67,676 Kms",1st Owner,delhi,"₹ 4,96,122"
319,2016 Maruti Baleno,2016 Maruti Baleno,2016 Maruti Baleno,2016,Petrol,Manual,"39,350 Kms",1st Owner,delhi,"₹ 5,18,500"
320,2017 Maruti Ciaz,2017 Maruti Ciaz,2017 Maruti Ciaz,2017,Diesel,Manual,"89,418 Kms",1st Owner,delhi,"₹ 5,89,974"
321,2016 Hyundai i20,2016 Hyundai i20,2016 Hyundai i20,2015,Petrol,Manual,"40,750 Kms",1st Owner,delhi,"₹ 7,26,767"
322,2015 Hyundai i20,2015 Hyundai i20,2015 Hyundai i20,2015,Diesel,Manual,"96,041 Kms",1st Owner,delhi,"₹ 4,73,604"
323,2015 Ford Ecosport,2015 Ford Ecosport,2015 Ford Ecosport,2015,Petrol,Automatic,"76,725 Kms",1st Owner,delhi,"₹ 6,56,009"
324,2018 Maruti Ertiga,2018 Maruti Ertiga,2018 Maruti Ertiga,2018,Diesel,Manual,"61,500 Kms",1st Owner,delhi,"₹ 8,02,500"
325,2014 Maruti Swift,2014 Maruti Swift,2014 Maruti Swift,2014,Diesel,Manual,"72,653 Kms",1st Owner,delhi,"₹ 4,11,000"
326,2016 Hyundai Grand i10,2016 Hyundai Grand i10,2016 Hyundai Grand i10,2016,Diesel,Manual,"63,759 Kms",2nd Owner,delhi,"₹ 3,75,000"
327,2016 Ford Ecosport,2016 Ford Ecosport,2016 Ford Ecosport,2016,Petrol,Manual,"57,729 Kms",1st Owner,delhi,"₹ 6,46,920"
328,2016 Maruti Swift Dzire,2016 Maruti Swift Dzire,2016 Maruti Swift Dzire,2016,Petrol,Manual,"22,725 Kms",1st Owner,delhi,"₹ 4,98,742"
329,2019 Hyundai Venue,2019 Hyundai Venue,2019 Hyundai Venue,2019,Diesel,Manual,"58,169 Kms",1st Owner,delhi,"₹ 9,90,552"
330,2014 Maruti Swift,2014 Maruti Swift,2014 Maruti Swift,2014,Petrol,Manual,"72,983 Kms",1st Owner,delhi,"₹ 4,07,500"
331,2018 Maruti Swift,2018 Maruti Swift,2018 Maruti Swift,2018,Petrol,Manual,"28,730 Kms",1st Owner,delhi,"₹ 6,64,332"
332,2014 Hyundai i20,2014 Hyundai i20,2014 Hyundai i20,2014,Diesel,Manual,"54,445 Kms",1st Owner,delhi,"₹ 4,57,500"
333,2014 Honda City,2014 Honda City,2014 Honda City,2014,Petrol,HR26,"89,510 Kms",1st Owner,delhi,"₹ 6,17,500"
334,2014 Volkswagen Polo,2014 Volkswagen Polo,2014 Volkswagen Polo,2014,Diesel,Manual,"68,205 Kms",2nd Owner,delhi,"₹ 3,31,000"
335,2015 Renault Duster,2015 Renault Duster,2015 Renault Duster,2015,Diesel,Manual,"106,169 Kms",1st Owner,delhi,"₹ 4,26,840"
336,2016 Hyundai Verna,2016 Hyundai Verna,2016 Hyundai Verna,2016,Petrol,Manual,"73,662 Kms",1st Owner,delhi,"₹ 6,37,833"
337,2017 Maruti Ciaz,2017 Maruti Ciaz,2017 Maruti Ciaz,2017,Petrol,Manual,"68,634 Kms",1st Owner,delhi,"₹ 7,00,500"
338,2017 Hyundai i20 Active,2017 Hyundai i20 Active,2017 Hyundai i20 Active,2015,Diesel,Manual,"79,238 Kms",1st Owner,delhi,"₹ 5,68,450"
339,2016 Maruti Swift Dzire,2016 Maruti Swift Dzire,2016 Maruti Swift Dzire,2015,Diesel,Automatic,"64,352 Kms",2nd Owner,delhi,"₹ 5,00,000"
340,2015 Maruti Ciaz,2015 Maruti Ciaz,2015 Maruti Ciaz,2015,Diesel,Manual,"58,323 Kms",1st Owner,delhi,"₹ 5,07,500"
341,2015 Maruti Swift,2015 Maruti Swift,2015 Maruti Swift,2014,Diesel,DL4C,"78,788 Kms",1st Owner,delhi,"₹ 3,82,000"
342,2016 Maruti Ciaz,2016 Maruti Ciaz,2016 Maruti Ciaz,2015,Diesel,HR51,"54,217 Kms",1st Owner,delhi,"₹ 6,24,000"
343,2012 Honda Brio,2012 Honda Brio,2012 Honda Brio,2012,Petrol,Manual,"37,297 Kms",1st Owner,delhi,"₹ 2,61,500"
344,2012 Maruti Swift,2012 Maruti Swift,2012 Maruti Swift,2012,Diesel,Manual,"36,586 Kms",1st Owner,delhi,"₹ 3,43,000"
345,2014 Honda Brio,2014 Honda Brio,2014 Honda Brio,2014,Petrol,Manual,"90,158 Kms",1st Owner,delhi,"₹ 3,12,000"
346,2016 Maruti Ciaz,2016 Maruti Ciaz,2016 Maruti Ciaz,2016,Diesel,Manual,"79,928 Kms",1st Owner,delhi,"₹ 6,06,000"
347,2017 Maruti Celerio,2017 Maruti Celerio,2017 Maruti Celerio,2017,Petrol,Automatic,"37,743 Kms",1st Owner,delhi,"₹ 4,19,388"
348,2014 Maruti Swift Dzire,2014 Maruti Swift Dzire,2014 Maruti Swift Dzire,2014,Petrol,Manual,"23,518 Kms",1st Owner,delhi,"₹ 3,96,654"
349,2015 Hyundai i20,2015 Hyundai i20,2015 Hyundai i20,2015,Diesel,Manual,"79,553 Kms",1st Owner,delhi,"₹ 4,68,960"
350,2015 Maruti Alto K10,2015 Maruti Alto K10,2015 Maruti Alto K10,2015,Petrol,Manual,"60,606 Kms",1st Owner,delhi,"₹ 2,79,500"
351,2018 Maruti Swift Dzire,2018 Maruti Swift Dzire,2018 Maruti Swift Dzire,2018,Petrol,Manual,"22,316 Kms",1st Owner,delhi,"₹ 5,97,027"
352,2019 Maruti Alto K10,2019 Maruti Alto K10,2019 Maruti Alto K10,2019,Petrol,Manual,"7,888 Kms",1st Owner,delhi,"₹ 4,14,500"
353,2016 Volkswagen Vento,2016 Volkswagen Vento,2016 Volkswagen Vento,2016,Petrol,Automatic,"71,447 Kms",1st Owner,delhi,"₹ 5,28,000"
354,2018 Maruti Eeco,2018 Maruti Eeco,2018 Maruti Eeco,2018,Petrol,Manual,"48,165 Kms",1st Owner,delhi,"₹ 3,56,500"
355,2017 Maruti Alto 800,2017 Maruti Alto 800,2017 Maruti Alto 800,2017,Petrol,Manual,"25,165 Kms",1st Owner,delhi,"₹ 3,29,258"
356,2018 Volkswagen Vento,2018 Volkswagen Vento,2018 Volkswagen Vento,2018,Petrol,Automatic,"53,738 Kms",1st Owner,delhi,"₹ 7,11,000"
357,2015 Maruti Baleno,2015 Maruti Baleno,2015 Maruti Baleno,2015,Petrol,Automatic,"61,931 Kms",1st Owner,delhi,"₹ 5,36,244"
358,2019 Maruti Wagon R,2019 Maruti Wagon R,2019 Maruti Wagon R,2019,Petrol,Manual,"5,627 Kms",1st Owner,delhi,"₹ 4,73,000"
359,2015 Honda City,2015 Honda City,2015 Honda City,2014,Petrol,Manual,"52,951 Kms",2nd Owner,delhi,"₹ 5,11,500"
360,2015 Ford Ecosport,2015 Ford Ecosport,2015 Ford Ecosport,2015,Diesel,Manual,"86,059 Kms",1st Owner,delhi,"₹ 5,48,000"
361,2016 Hyundai Grand i10,2016 Hyundai Grand i10,2016 Hyundai Grand i10,2015,Diesel,Manual,"56,200 Kms",1st Owner,delhi,"₹ 3,69,939"
362,2016 Maruti Alto K10,2016 Maruti Alto K10,2016 Maruti Alto K10,2016,Petrol,Manual,"41,147 Kms",1st Owner,delhi,"₹ 2,85,500"
363,2019 Hyundai i20,2019 Hyundai i20,2019 Hyundai i20,2019,Petrol,Manual,"6,642 Kms",1st Owner,delhi,"₹ 6,68,176"
364,2018 Maruti Swift Dzire,2018 Maruti Swift Dzire,2018 Maruti Swift Dzire,2018,Diesel,Manual,"36,883 Kms",1st Owner,delhi,"₹ 5,81,388"
365,2017 Maruti Ignis,2017 Maruti Ignis,2017 Maruti Ignis,2017,Petrol,Manual,"23,615 Kms",1st Owner,delhi,"₹ 4,68,960"
366,2021 Renault Triber,2021 Renault Triber,2021 Renault Triber,2020,Petrol,Manual,"1,581 Kms",1st Owner,delhi,"₹ 6,58,500"
367,2019 Renault Triber,2019 Renault Triber,2019 Renault Triber,2019,Petrol,Manual,"9,167 Kms",1st Owner,delhi,"₹ 5,96,500"
368,2018 Volkswagen Ameo,2018 Volkswagen Ameo,2018 Volkswagen Ameo,2016,Petrol,Manual,"39,784 Kms",1st Owner,delhi,"₹ 4,95,744"
369,2018 Maruti Swift Dzire,2018 Maruti Swift Dzire,2018 Maruti Swift Dzire,2018,Petrol,Manual,"29,404 Kms",1st Owner,delhi,"₹ 6,16,890"
370,2014 Ford Ecosport,2014 Ford Ecosport,2014 Ford Ecosport,2014,Diesel,Manual,"85,420 Kms",1st Owner,delhi,"₹ 4,80,667"
371,2019 Maruti Wagon R,2019 Maruti Wagon R,2019 Maruti Wagon R,2019,Petrol,Manual,"14,499 Kms",1st Owner,delhi,"₹ 4,66,000"
372,2020 Renault KWID,2020 Renault KWID,2020 Renault KWID,2019,Petrol,Manual,"11,477 Kms",1st Owner,delhi,"₹ 3,31,500"
373,2012 Maruti Alto K10,2012 Maruti Alto K10,2012 Maruti Alto K10,2012,Petrol,Manual,"79,016 Kms",2nd Owner,delhi,"₹ 2,12,848"
374,2016 Maruti Alto 800,2016 Maruti Alto 800,2016 Maruti Alto 800,2016,Petrol,Manual,"16,473 Kms",1st Owner,delhi,"₹ 2,66,000"
375,2017 Toyota Etios,2017 Toyota Etios,2017 Toyota Etios,2017,Petrol,Manual,"55,752 Kms",1st Owner,delhi,"₹ 4,39,862"
376,2018 Hyundai i20,2018 Hyundai i20,2018 Hyundai i20,2018,Petrol,Manual,"40,507 Kms",2nd Owner,delhi,"₹ 5,23,000"
377,2018 Maruti Swift Dzire,2018 Maruti Swift Dzire,2018 Maruti Swift Dzire,2018,Diesel,Manual,"39,328 Kms",1st Owner,delhi,"₹ 6,16,500"
378,2016 Maruti Swift,2016 Maruti Swift,2016 Maruti Swift,2015,Diesel,Manual,"78,623 Kms",1st Owner,delhi,"₹ 4,30,000"
379,2019 Maruti Swift Dzire,2019 Maruti Swift Dzire,2019 Maruti Swift Dzire,2019,Diesel,Manual,"52,212 Kms",1st Owner,delhi,"₹ 6,61,500"
380,2016 Volkswagen Polo,2016 Volkswagen Polo,2016 Volkswagen Polo,2016,Petrol,Automatic,"79,991 Kms",1st Owner,delhi,"₹ 5,35,617"
381,2018 Maruti Alto K10,2018 Maruti Alto K10,2018 Maruti Alto K10,2018,Petrol,Manual,"18,819 Kms",1st Owner,delhi,"₹ 3,61,000"
382,2016 Ford Ecosport,2016 Ford Ecosport,2016 Ford Ecosport,2016,Diesel,Manual,"94,151 Kms",1st Owner,delhi,"₹ 5,58,816"
383,2019 Maruti Baleno,2019 Maruti Baleno,2019 Maruti Baleno,2019,Petrol,Manual,"5,932 Kms",1st Owner,delhi,"₹ 6,95,500"
384,2017 Maruti Baleno,2017 Maruti Baleno,2017 Maruti Baleno,2017,Petrol,Automatic,"39,462 Kms",1st Owner,delhi,"₹ 5,68,000"
385,2015 Maruti Swift Dzire,2015 Maruti Swift Dzire,2015 Maruti Swift Dzire,2015,Diesel,Manual,"88,285 Kms",1st Owner,delhi,"₹ 4,56,500"
386,2017 Maruti Vitara Brezza,2017 Maruti Vitara Brezza,2017 Maruti Vitara Brezza,2017,Diesel,Manual,"58,713 Kms",1st Owner,delhi,"₹ 6,67,500"
387,2018 Maruti Wagon R,2018 Maruti Wagon R,2018 Maruti Wagon R,2017,Petrol,Manual,"58,319 Kms",1st Owner,delhi,"₹ 4,28,136"
388,2018 Maruti Alto K10,2018 Maruti Alto K10,2018 Maruti Alto K10,2017,Petrol,Manual,"34,854 Kms",1st Owner,delhi,"₹ 3,05,000"
389,2017 Maruti Vitara Brezza,2017 Maruti Vitara Brezza,2017 Maruti Vitara Brezza,2017,Diesel,Manual,"57,301 Kms",1st Owner,delhi,"₹ 7,06,076"
390,2012 Maruti Swift Dzire,2012 Maruti Swift Dzire,2012 Maruti Swift Dzire,2012,Diesel,Manual,"116,238 Kms",1st Owner,delhi,"₹ 3,13,500"
391,2017 Maruti Alto K10,2017 Maruti Alto K10,2017 Maruti Alto K10,2017,Petrol,Manual,"17,124 Kms",2nd Owner,delhi,"₹ 3,05,000"
392,2019 Volkswagen Polo,2019 Volkswagen Polo,2019 Volkswagen Polo,2019,Petrol,Manual,"8,559 Kms",1st Owner,delhi,"₹ 5,37,500"
393,2016 Maruti Alto K10,2016 Maruti Alto K10,2016 Maruti Alto K10,2016,Petrol,Manual,"61,562 Kms",1st Owner,delhi,"₹ 2,85,000"
394,2015 Hyundai i20,2015 Hyundai i20,2015 Hyundai i20,2015,Petrol,Manual,"34,232 Kms",2nd Owner,delhi,"₹ 4,55,500"
395,2017 Maruti Ignis,2017 Maruti Ignis,2017 Maruti Ignis,2017,Petrol,Automatic,"42,389 Kms",1st Owner,delhi,"₹ 5,28,500"
396,2017 Hyundai i20,2017 Hyundai i20,2017 Hyundai i20,2017,Petrol,Manual,"52,938 Kms",1st Owner,delhi,"₹ 5,52,000"
397,2019 Hyundai Venue,2019 Hyundai Venue,2019 Hyundai Venue,2019,Petrol,Automatic,"21,474 Kms",1st Owner,delhi,"₹ 10,64,000"
398,2010 Honda City,2010 Honda City,2010 Honda City,2009,Petrol,Manual,"65,605 Kms",2nd Owner,delhi,"₹ 2,51,500"
399,2014 Hyundai Grand i10,2014 Hyundai Grand i10,2014 Hyundai Grand i10,2014,Petrol,Manual,"54,147 Kms",2nd Owner,delhi,"₹ 3,54,784"
400,2017 Maruti Alto 800,2017 Maruti Alto 800,2017 Maruti Alto 800,2017,Petrol,Manual,"23,845 Kms",1st Owner,delhi,"₹ 2,83,500"
401,2013 Maruti Wagon R,2013 Maruti Wagon R,2013 Maruti Wagon R,2013,Petrol,Manual,"30,445 Kms",1st Owner,delhi,"₹ 2,68,000"
402,2013 Maruti Wagon R Stingray,2013 Maruti Wagon R Stingray,2013 Maruti Wagon R Stingray,2013,Petrol,Manual,"44,660 Kms",1st Owner,delhi,"₹ 3,22,155"
403,2017 Maruti Ertiga,2017 Maruti Ertiga,2017 Maruti Ertiga,2017,Diesel,Manual,"21,109 Kms",1st Owner,delhi,"₹ 7,58,400"
404,2015 Maruti Swift,2015 Maruti Swift,2015 Maruti Swift,2015,Petrol,Manual,"100,380 Kms",1st Owner,delhi,"₹ 3,65,500"
405,2018 Maruti Ignis,2018 Maruti Ignis,2018 Maruti Ignis,2018,Petrol,Manual,"47,478 Kms",1st Owner,delhi,"₹ 4,80,455"
406,2017 Maruti Vitara Brezza,2017 Maruti Vitara Brezza,2017 Maruti Vitara Brezza,2017,Diesel,Manual,"33,434 Kms",1st Owner,delhi,"₹ 7,50,000"
407,2019 Maruti Wagon R,2019 Maruti Wagon R,2019 Maruti Wagon R,2019,Petrol,Manual,"14,788 Kms",2nd Owner,delhi,"₹ 4,56,000"
408,2018 Maruti Baleno,2018 Maruti Baleno,2018 Maruti Baleno,2018,Petrol,Manual,"58,458 Kms",1st Owner,delhi,"₹ 4,93,500"
409,2019 Ford Freestyle,2019 Ford Freestyle,2019 Ford Freestyle,2018,Diesel,Manual,"51,752 Kms",1st Owner,delhi,"₹ 6,14,835"
410,2016 Hyundai Grand i10,2016 Hyundai Grand i10,2016 Hyundai Grand i10,2015,Petrol,Manual,"41,031 Kms",2nd Owner,delhi,"₹ 3,91,000"
411,2017 Hyundai Grand i10,2017 Hyundai Grand i10,2017 Hyundai Grand i10,2016,Petrol,Manual,"59,387 Kms",1st Owner,delhi,"₹ 4,15,500"
412,2015 Maruti Celerio,2015 Maruti Celerio,2015 Maruti Celerio,2015,Petrol,Automatic,"64,764 Kms",1st Owner,delhi,"₹ 3,58,500"
413,2018 Maruti Swift Dzire,2018 Maruti Swift Dzire,2018 Maruti Swift Dzire,2018,Petrol,DL9C,"19,172 Kms",1st Owner,delhi,"₹ 6,08,000"
414,2018 Maruti Swift Dzire,2018 Maruti Swift Dzire,2018 Maruti Swift Dzire,2018,Petrol,Manual,"38,694 Kms",1st Owner,delhi,"₹ 5,79,000"
415,2016 Ford Figo Aspire,2016 Ford Figo Aspire,2016 Ford Figo Aspire,2015,Diesel,Manual,"59,092 Kms",1st Owner,delhi,"₹ 3,90,000"
416,2016 Volkswagen Polo,2016 Volkswagen Polo,2016 Volkswagen Polo,2016,Petrol,Automatic,"70,992 Kms",1st Owner,delhi,"₹ 5,54,000"
417,2019 Maruti Swift,2019 Maruti Swift,2019 Maruti Swift,2019,Petrol,Manual,"38,456 Kms",1st Owner,delhi,"₹ 5,13,500"
418,2011 Hyundai i10,2011 Hyundai i10,2011 Hyundai i10,2011,Petrol,Manual,"87,964 Kms",1st Owner,delhi,"₹ 2,19,264"
419,2017 Hyundai i20,2017 Hyundai i20,2017 Hyundai i20,2017,Petrol,Manual,"40,486 Kms",1st Owner,delhi,"₹ 5,62,140"
420,2014 Maruti Ritz,2014 Maruti Ritz,2014 Maruti Ritz,2014,Diesel,Manual,"77,585 Kms",1st Owner,delhi,"₹ 2,90,328"
421,2014 Hyundai Grand i10,2014 Hyundai Grand i10,2014 Hyundai Grand i10,2013,Petrol,Manual,"48,727 Kms",2nd Owner,delhi,"₹ 3,34,000"
422,2012 Hyundai Santa Fe,2012 Hyundai Santa Fe,2012 Hyundai Santa Fe,2012,Diesel,Automatic,"118,874 Kms",2nd Owner,delhi,"₹ 5,72,500"
423,2018 Maruti Ignis,2018 Maruti Ignis,2018 Maruti Ignis,2018,Petrol,Manual,"15,996 Kms",1st Owner,delhi,"₹ 4,94,500"
424,2015 Hyundai Grand i10,2015 Hyundai Grand i10,2015 Hyundai Grand i10,2015,Petrol,Manual,"65,546 Kms",1st Owner,delhi,"₹ 4,24,000"
425,2017 Maruti Vitara Brezza,2017 Maruti Vitara Brezza,2017 Maruti Vitara Brezza,2016,Diesel,Manual,"85,937 Kms",1st Owner,delhi,"₹ 6,30,500"
426,2012 Maruti Swift,2012 Maruti Swift,2012 Maruti Swift,2012,Diesel,Manual,"65,437 Kms",1st Owner,delhi,"₹ 2,89,500"
427,2015 Maruti Ritz,2015 Maruti Ritz,2015 Maruti Ritz,2015,Petrol,Manual,"8,566 Kms",1st Owner,delhi,"₹ 3,57,500"
428,2013 Volkswagen Vento,2013 Volkswagen Vento,2013 Volkswagen Vento,2013,Diesel,Manual,"86,764 Kms",1st Owner,delhi,"₹ 3,37,500"
429,2014 Volkswagen Polo,2014 Volkswagen Polo,2014 Volkswagen Polo,2014,Petrol,Automatic,"53,019 Kms",2nd Owner,delhi,"₹ 4,77,500"
430,2017 Maruti Ciaz,2017 Maruti Ciaz,2017 Maruti Ciaz,2017,Petrol,Manual,"26,793 Kms",1st Owner,delhi,"₹ 6,80,000"
431,2016 Maruti Vitara Brezza,2016 Maruti Vitara Brezza,2016 Maruti Vitara Brezza,2016,Diesel,Manual,"95,655 Kms",1st Owner,delhi,"₹ 6,35,500"
432,2013 Maruti Wagon R Stingray,2013 Maruti Wagon R Stingray,2013 Maruti Wagon R Stingray,2013,Petrol,Manual,"61,825 Kms",1st Owner,delhi,"₹ 2,98,000"
433,2015 Hyundai i20,2015 Hyundai i20,2015 Hyundai i20,2015,Diesel,Manual,"117,327 Kms",1st Owner,delhi,"₹ 4,94,500"
434,2013 Volkswagen Vento,2013 Volkswagen Vento,2013 Volkswagen Vento,2012,Diesel,Manual,"75,505 Kms",2nd Owner,delhi,"₹ 2,74,500"
435,2017 Maruti Baleno,2017 Maruti Baleno,2017 Maruti Baleno,2017,Petrol,Manual,"42,924 Kms",1st Owner,delhi,"₹ 5,44,500"
436,2015 Hyundai Verna,2015 Hyundai Verna,2015 Hyundai Verna,2015,Diesel,Manual,"33,619 Kms",1st Owner,delhi,"₹ 6,14,000"
437,2015 Honda City,2015 Honda City,2015 Honda City,2015,Petrol,Automatic,"96,400 Kms",1st Owner,delhi,"₹ 6,76,500"
438,2018 Renault KWID,2018 Renault KWID,2018 Renault KWID,2017,Petrol,Manual,"46,570 Kms",1st Owner,delhi,"₹ 2,92,920"
439,2019 Maruti S-Presso,2019 Maruti S-Presso,2019 Maruti S-Presso,2019,Petrol,Manual,"8,552 Kms",1st Owner,delhi,"₹ 4,00,000"
440,2018 Renault KWID,2018 Renault KWID,2018 Renault KWID,2018,Petrol,DL8C,"10,620 Kms",1st Owner,delhi,"₹ 2,94,500"
441,2019 Maruti Alto 800,2019 Maruti Alto 800,2019 Maruti Alto 800,2019,Petrol,Manual,"25,903 Kms",1st Owner,delhi,"₹ 3,17,000"
442,2020 Maruti S-Presso,2020 Maruti S-Presso,2020 Maruti S-Presso,2020,Petrol,Automatic,"2,293 Kms",1st Owner,delhi,"₹ 4,69,500"
443,2017 Maruti Swift Dzire,2017 Maruti Swift Dzire,2017 Maruti Swift Dzire,2017,Diesel,Manual,"66,037 Kms",1st Owner,delhi,"₹ 4,99,500"
444,2020 Renault KWID,2020 Renault KWID,2020 Renault KWID,2020,Petrol,Manual,"8,946 Kms",1st Owner,delhi,"₹ 3,72,000"
445,2016 Maruti Swift,2016 Maruti Swift,2016 Maruti Swift,2016,Petrol,Manual,"53,525 Kms",1st Owner,delhi,"₹ 4,11,020"
446,2019 Hyundai Venue,2019 Hyundai Venue,2019 Hyundai Venue,2019,Petrol,Manual,"16,860 Kms",1st Owner,delhi,"₹ 9,50,000"
447,2015 Maruti Alto 800,2015 Maruti Alto 800,2015 Maruti Alto 800,2015,Petrol,Manual,"21,705 Kms",1st Owner,delhi,"₹ 2,44,212"
448,2012 Maruti Swift Dzire,2012 Maruti Swift Dzire,2012 Maruti Swift Dzire,2012,Petrol,Automatic,"56,773 Kms",2nd Owner,delhi,"₹ 3,44,760"
449,2015 Maruti Wagon R,2015 Maruti Wagon R,2015 Maruti Wagon R,2015,Petrol,Manual,"62,589 Kms",1st Owner,delhi,"₹ 3,16,000"
450,2020 Maruti Alto 800,2020 Maruti Alto 800,2020 Maruti Alto 800,2020,Petrol,Manual,"1,067 Kms",1st Owner,delhi,"₹ 3,83,500"
451,2012 Maruti Alto K10,2012 Maruti Alto K10,2012 Maruti Alto K10,2012,Petrol,Manual,"27,994 Kms",1st Owner,delhi,"₹ 2,26,608"
452,2019 Renault KWID,2019 Renault KWID,2019 Renault KWID,2019,Petrol,Manual,"29,196 Kms",1st Owner,delhi,"₹ 3,53,994"
453,2017 Renault KWID,2017 Renault KWID,2017 Renault KWID,2016,Petrol,Manual,"32,933 Kms",1st Owner,delhi,"₹ 2,77,746"
454,2018 Maruti Alto 800,2018 Maruti Alto 800,2018 Maruti Alto 800,2018,Petrol,Manual,"49,645 Kms",1st Owner,delhi,"₹ 2,97,523"
455,2016 Maruti Swift Dzire,2016 Maruti Swift Dzire,2016 Maruti Swift Dzire,2016,Petrol,Manual,"35,687 Kms",1st Owner,delhi,"₹ 4,12,500"
456,2016 Honda City,2016 Honda City,2016 Honda City,2016,Petrol,Manual,"55,061 Kms",1st Owner,delhi,"₹ 7,25,600"
457,-,-,-,-,-,-,-,-,delhi,-
