Brand,year,fuel,transmission,No of owners,location,Model,Km Driven,Price
Maruti,2014,Petrol,Manual,First Owner,Pune,Wagon,34571,370000
Maruti,2017,Diesel,Manual,First Owner,Pune,Ciaz,42000,785000
Maruti,2015,Diesel,Manual,First Owner,Pune,Swift,83000,615000
Maruti,2018,Petrol,Manual,First Owner,Pune,Baleno,28000,650000
Ford,2012,Diesel,Manual,Second Owner,Chennai,Figo,79000,300000
Honda,2012,Petrol,Manual,First Owner,Mumbai,Jazz,88000,325000
Maruti,2009,Petrol,Manual,First Owner,Others,Suzuki,90000,165000
Mahindra,2008,Diesel,Manual,First Owner,Mumbai,Scorpio,125521,270000
Bmw,2010,Diesel,AUTOMATIC,Second Owner,Mumbai,5Series,90000,1175000
Mahindra,2019,Diesel,Manual,First Owner,Hyderabad,Bolero,29122,675000
Mahindra,2006,Diesel,AUTOMATIC,Second Owner,Others,Scorpio,200000,160000
Hyundai,2009,CNG & HYBRIDS,AUTOMATIC,First Owner,Delhi,I10,60852,140000
Maruti,2016,Diesel,Manual,First Owner,Bengaluru,Suzuki,106000,315000
Hyundai,2010,Petrol,Manual,Fourth Owner,Others,Santro,77123,131000
Hyundai,2018,Petrol,Manual,First Owner,Hyderabad,Elite,41571,775000
Maruti,2011,Petrol,Manual,First Owner,Others,Suzuki,74754,250000
Ford,2008,Diesel,Manual,Second Owner,Others,Fiesta,97100,175000
Hyundai,2007,Petrol,Manual,Second Owner,Delhi,Santro,73383,90000
Hyundai,2008,Petrol,Manual,Second Owner,Bengaluru,I10,61000,250000
Maruti,2018,Petrol,AUTOMATIC,First Owner,Mumbai,Suzuki,12000,750000
Honda,2016,Petrol,Manual,First Owner,Others,Jazz,75000,585000
Hyundai,2014,Diesel,Manual,Second Owner,Chennai,Fluidic,76000,550000
Honda,2012,Petrol,Manual,Second Owner,Pune,Brio,90000,270000
Maruti,2007,Petrol,Manual,First Owner,Others,Suzuki,50000,109999
Hyundai,2007,Petrol,Manual,Second Owner,Others,Santro,76000,162000
Tata,2018,Diesel,Manual,Third Owner,Others,Others,25000,380000
Maruti,2015,Diesel,Manual,First Owner,Ahmedabad,Suzuki,66000,450000
Mahindra,2020,Diesel,Manual,First Owner,Others,Xuv300,5000,1230000
Hyundai,2016,Petrol,Manual,First Owner,Noida,I20,45153,570000
Honda,2019,Petrol,Manual,First Owner,Noida,Amaze,3944,575000
Hyundai,2019,Petrol,Manual,First Owner,Others,Elite,9100,690000
Ford,2018,Diesel,Manual,First Owner,Others,Aspire,170000,350000
Honda,2008,Petrol,Manual,First Owner,Others,City,125000,270000
Volkswagen,2010,Petrol,Manual,First Owner,kolkata,Polo,63862,250000
Hyundai,2015,Diesel,Manual,Second Owner,Bengaluru,Creta,62000,800000
Hyundai,2014,Diesel,Manual,First Owner,Chennai,Elite,85157,545000
Hyundai,2020,CNG,Manual,First Owner,Mumbai,Xcent,50000,585000
Toyota,2010,Diesel,Manual,Fourth Owner,Others,Innova,140000,400000
Maruti,2004,Petrol,Manual,Third Owner,Others,Suzuki,2,78000
Maruti,2014,Petrol,AUTOMATIC,First Owner,Others,Suzuki,35000,150000
Hyundai,2012,Petrol,Manual,First Owner,Others,I10,50000,290000
Volkswagen,2009,Diesel,Manual,First Owner,Mohali,Jetta,146854,170000
Mercedes-Benz,2015,Diesel,AUTOMATIC,Second Owner,Others,Cla,102000,2100000
Toyota,2015,Diesel,Manual,First Owner,Hyderabad,Etios,68000,495000
Audi,2017,Diesel,AUTOMATIC,First Owner,Bengaluru,A4,50400,3350000
Hyundai,2020,CNG,Manual,First Owner,Mumbai,Xcent,50000,585000
Toyota,2010,Diesel,Manual,Fourth Owner,Others,Innova,140000,400000
Maruti,2004,Petrol,Manual,Third Owner,Others,Suzuki,2,78000
Maruti,2014,Petrol,AUTOMATIC,First Owner,Others,Suzuki,35000,150000
Mahindra,2019,Petrol,Manual,First Owner,kolkata,Kuv,44000,449000
Hyundai,2012,Petrol,Manual,First Owner,Others,I10,50000,290000
Volkswagen,2009,Diesel,Manual,First Owner,Mohali,Jetta,146854,170000
Tata,2017,Petrol,Manual,First Owner,Others,Tiago,30000,425000
Hyundai,2017,Diesel,Manual,First Owner,Hyderabad,Grand,51000,320000
Chevrolet,2014,Diesel,Manual,First Owner,Noida,Beat,68523,225000
Maruti,2019,Diesel,Manual,First Owner,Others,Suzuki,51000,850000
Maruti,2005,Petrol,AUTOMATIC,Second Owner,Others,Suzuki,90000,80000
Maruti,2012,Petrol,Manual,Second Owner,Hyderabad,Suzuki,81000,300000
Hyundai,2016,Petrol,Manual,First Owner,Mumbai,Elite,45000,625000
Skoda,2009,Petrol,Manual,First Owner,Hyderabad,Laura,80000,399000
Tata,2010,Diesel,Manual,Second Owner,Mohali,Indigo,125000,85000
Hyundai,2008,Petrol,Manual,Fourth Owner,Others,I10,70000,120000
Hyundai,2018,Diesel,Manual,First Owner,Hyderabad,Xcent,70250,450000
Toyota,2019,Diesel,AUTOMATIC,First Owner,Others,Innova,25000,2050000
Maruti,2015,Diesel,Manual,Second Owner,Delhi,Suzuki,60536,471500
Maruti,2016,Petrol,Manual,First Owner,Others,Suzuki,50000,315000
Hyundai,2013,Diesel,Manual,Second Owner,Others,Grand,999999,325000
Hyundai,2003,Petrol,Manual,First Owner,Others,Santro,80000,60000
Hyundai,2011,Petrol,Manual,First Owner,Others,Santro,44000,225000
Mahindra,2013,Diesel,Manual,First Owner,Others,Bolero,58000,530000
Chevrolet,2012,Diesel,Manual,Fourth Owner,Others,Beat,84000,150000
Mercedes-Benz,2011,Diesel,AUTOMATIC,Second Owner,Mumbai,New,75000,1223000
Maruti,2012,CNG & HYBRIDS,Manual,Second Owner,Others,Suzuki,35000,165000
Hyundai,2015,Petrol,Manual,First Owner,Noida,Eon,50000,285000
Maruti,2008,Petrol,Manual,Third Owner,Others,Suzuki,125000,235000
Maruti,2011,Petrol,Manual,First Owner,Others,Suzuki,70000,179000
Ford,2011,Diesel,Manual,First Owner,Others,Ikon,110000,155000
Mahindra,2018,Diesel,AUTOMATIC,Second Owner,Mumbai,Tuv,48,800000
Tata,2011,Petrol,Manual,Third Owner,Others,Nano,93000,55000
Hyundai,2010,Petrol,Manual,First Owner,Kolhapur,I10,55000,218000
Jeep,2020,Petrol,AUTOMATIC,First Owner,Noida,Compass,11000,2200000
Honda,2019,Petrol,AUTOMATIC,First Owner,Bengaluru,Jazz,23098,875000
Hyundai,2016,Diesel,Manual,First Owner,Chennai,Creta,100000,900000
Datsun,2016,Petrol,Manual,First Owner,Chennai,GO,24000,335000
Hyundai,2015,Petrol,Manual,First Owner,Chennai,Grand,43000,490000
Hyundai,2016,Petrol,Manual,First Owner,Chennai,i20,54850,610000
Honda,2016,Petrol,Manual,First Owner,Chennai,Jazz,34000,575000
Land,2015,Diesel,AUTOMATIC,First Owner,Chennai,Rover,42000,3200000
Maruti,2011,Petrol,Manual,Second Owner,Chennai,Alto,42364,225000
Hyundai,2008,Petrol,Manual,Second Owner,Chennai,i10,78000,225000
Maruti,2017,Diesel,Manual,First Owner,Chennai,Swift,81000,625000
Honda,2018,Petrol,Manual,First Owner,Chennai,WR-V,17000,875000
Ford,2013,Petrol,Manual,First Owner,Chennai,Figo,32000,295000
Renault,2019,Diesel,Manual,First Owner,Chennai,Duster,16000,1090000
Hyundai,2000,Petrol,Manual,Second Owner,Chennai,Santro,68000,65000
Toyota,2016,Diesel,Manual,First Owner,Chennai,Innova,108666,1680000
Maruti,2018,Petrol,Manual,First Owner,Chennai,Baleno,34000,690000
Ford,2018,Petrol,AUTOMATIC,First Owner,Chennai,EcoSport,14203,970000
Hyundai,2014,Diesel,Manual,Second Owner,Chennai,Verna,61000,650000
Hyundai,2016,Petrol,Manual,Second Owner,Chennai,Grand,43000,465000
Toyota,2020,Diesel,AUTOMATIC,First Owner,Chennai,Innova,2500,2800000
Honda,2017,Petrol,Manual,First Owner,Chennai,WR-V,17603,750000
Hyundai,2011,Petrol,Manual,Second Owner,Chennai,i20,60000,340000
Hyundai,2016,Diesel,Manual,First Owner,Chennai,Creta,69000,1090000
Fiat,2013,Diesel,Manual,First Owner,Chennai,Grande,68803,350000
Maruti,2017,Petrol,Manual,First Owner,Chennai,Ciaz,34000,800000
Honda,2016,Petrol,Manual,First Owner,Chennai,City,32000,815000
Honda,2019,Petrol,Manual,First Owner,Chennai,Jazz,1600,825000
Honda,2018,Diesel,Manual,First Owner,Chennai,Jazz,29055,750000
Volkswagen,2012,Diesel,Manual,First Owner,Chennai,Vento,49000,565000
Hyundai,2012,Diesel,Manual,First Owner,Chennai,Santa,103000,670000
Jaguar,2012,Diesel,AUTOMATIC,Second Owner,Chennai,XF,59000,2100000
Honda,2016,Petrol,AUTOMATIC,First Owner,Chennai,Jazz,45000,690000
Hyundai,2014,Petrol,Manual,First Owner,Chennai,EON,38000,335000
Skoda,2018,Petrol,AUTOMATIC,First Owner,Chennai,Laura,13500,990000
Maruti,2014,Petrol,Manual,First Owner,Chennai,Swift,25000,500000
Hyundai,2019,Petrol,Manual,First Owner,Chennai,Grand,15000,575000
Maruti,2016,Petrol,Manual,First Owner,Chennai,Baleno,54000,610000
Ford,2014,Diesel,Manual,Second Owner,Chennai,EcoSport,58000,635000
Honda,2017,Diesel,Manual,First Owner,Chennai,WR-V,43000,875000
Toyota,2013,Diesel,Manual,First Owner,Chennai,Corolla,150000,650000
Maruti,2015,Diesel,Manual,First Owner,Chennai,Swift,76000,540000
Toyota,2010,Diesel,Manual,First Owner,Chennai,Fortuner,185000,1125000
Hyundai,2018,Petrol,Manual,First Owner,Chennai,Creta,39000,860000
Maruti,2016,Diesel,AUTOMATIC,First Owner,Chennai,Swift,75000,590000
Hyundai,2017,Diesel,Manual,First Owner,Chennai,Creta,66000,1150000
Skoda,2011,Petrol,AUTOMATIC,First Owner,Chennai,Superb,128000,650000
Renault,2019,Petrol,Manual,First Owner,Chennai,Triber,24000,650000
Maruti,2015,Petrol,Manual,First Owner,Chennai,Alto,51000,290000
Honda,2016,Diesel,Manual,First Owner,Chennai,Amaze,27000,650000
Maruti,2016,Petrol,Manual,First Owner,Chennai,Ertiga,27000,730000
Honda,2014,Petrol,Manual,Second Owner,Chennai,City,94014,540000
Honda,2017,Petrol,Manual,First Owner,Chennai,Amaze,31000,600000
Hyundai,2011,Diesel,Manual,First Owner,Chennai,Verna,79000,349000
Toyota,2017,Diesel,Manual,First Owner,Chennai,Fortuner,72000,2698000
Fiat,2013,Petrol,Manual,First Owner,Chennai,Linea,27650,325000
Ford,2012,Diesel,Manual,First Owner,Chennai,Fiesta,78900,360000
Volkswagen,2014,Petrol,Manual,First Owner,Chennai,Polo,65000,475000
Honda,2009,Petrol,Manual,Second Owner,Chennai,City,76165,360000
Maruti,2007,Petrol,Manual,Second Owner,Chennai,Esteem,65000,140000
Ford,2017,Diesel,AUTOMATIC,First Owner,Chennai,Endeavour,60000,2300000
Ford,2017,Petrol,Manual,First Owner,Chennai,EcoSport,17000,720000
Maruti,2017,Petrol,Manual,First Owner,Hyderabad,Swift Dzire,38463,633500
Maruti,2017,Petrol,Manual,First Owner,Hyderabad,Ignis,19957,573500
Maruti,2018,Diesel,AUTOMATIC,First Owner,Hyderabad,Brezza,21109,863500
Maruti,2015,Petrol,Manual,First Owner,Hyderabad,Swift,66487,445500
Honda,2015,Petrol,Manual,Second Owner,Hyderabad,Jazz,38339,565500
Maruti,2019,Petrol,Manual,First Owner,Hyderabad,Swift,22988,616000
Maruti,2017,Petrol,Manual,First Owner,Hyderabad,Ciaz,15018,703000
Maruti,2017,Petrol,Manual,First Owner,Hyderabad,Swift Dzire,53411,637500
Hyundai,2017,Diesel,Manual,First Owner,Hyderabad,i10,40899,608500
Honda,2014,Diesel,Manual,First Owner,Hyderabad,Amaze,104292,470500
Maruti,2019,Petrol,AUTOMATIC,First Owner,Hyderabad,Swift,18564,647000
Maruti,2018,Petrol,AUTOMATIC,First Owner,Hyderabad,swift,14610,540000
Hyundai,2017,Petrol,Manual,First Owner,Hyderabad,i10,25760,588000
Maruti,2019,Petrol,Manual,First Owner,Hyderabad,Ignis,13922,567000
Hyundai,2018,Diesel,Manual,First Owner,Hyderabad,i10,32229,589160
Maruti,2016,Diesel,Manual,First Owner,Hyderabad,Brezza,42855,788000
Hyundai,2016,Petrol,Manual,First Owner,Hyderabad,Verna,74830,637000
Maruti,2018,Petrol,AUTOMATIC,First Owner,Hyderabad,Brezza,45536,645000
Maruti,2018,Petrol,Manual,First Owner,Hyderabad,swift,10989,628500
Renault,2015,Diesel,Manual,First Owner,Hyderabad,Duster,77769,553500
Toyota,2016,Diesel,Manual,First Owner,Hyderabad,Innova Crysta,82213,1337000
Maruti,2016,Petrol,Manual,First Owner,Hyderabad,Alto,66564,278000
Hyundai,2018,Petrol,Manual,First Owner,Hyderabad,i10,33580,611444
Honda,2017,Petrol,AUTOMATIC,First Owner,Hyderabad,Jazz,17784,730387
Maruti,2018,Petrol,Manual,First Owner,Hyderabad,Ciaz,16327,334500
Maruti,2018,Petrol,Manual,First Owner,Hyderabad,Alto,14675,352500
Maruti,2018,Petrol,Manual,First Owner,Hyderabad,Alto,25097,479000
Hyundai,2016,Petrol,Manual,First Owner,Hyderabad,i10,50416,574500
Maruti,2015,Petrol,Manual,First Owner,Hyderabad,Alto,71553,295000
Hyundai,2018,Petrol,Manual,First Owner,Hyderabad,i10,13732,554312
Hyundai,2017,Diesel,Manual,First Owner,Hyderabad,i10,500,610202
Maruti,2016,Petrol,Manual,First Owner,Hyderabad,Alto,17160,353500
Hyundai,2019,Petrol,Manual,First Owner,Hyderabad,i10,12757,550000
Honda,2016,Petrol,Manual,First Owner,Hyderabad,Jazz,29526,568500
Hyundai,2018,Petrol,Manual,First Owner,Hyderabad,i20,11707,712000
Hyundai,2019,Petrol,Manual,First Owner,Hyderabad,i10,22287,692500
Hyundai,2019,Petrol,Manual,First Owner,Hyderabad,i10,4941,616500
Hyundai,2016,Petrol,Manual,First Owner,Hyderabad,i10,64796,464500
Hyundai,2016,Petrol,Manual,First Owner,Hyderabad,i10,36231,512500
Maruti,2019,Petrol,Manual,First Owner,Hyderabad,Alto,30392,349500
Maruti,2017,Diesel,Manual,First Owner,Hyderabad,Ignis,68201,566000
Ford,2017,Diesel,Manual,First Owner,Hyderabad,Figo,60956,622203
Hyundai,2015,Diesel,Manual,First Owner,Hyderabad,i20,50885,461500
Hyundai,2015,Petrol,Manual,First Owner,Hyderabad,i10,14720,487000
Hyundai,2015,Petrol,Manual,First Owner,Hyderabad,i20,43259,451500
Hyundai,2015,Petrol,Manual,Second Owner,Hyderabad,i20,37272,477500
Volkswagen,2017,Diesel,Manual,First Owner,Hyderabad,Polo,500,697000
Volkswagen,2019,Petrol,Manual,First Owner,Hyderabad,Polo,24556,610500
Hyundai,2019,Petrol,Manual,First Owner,Hyderabad,i10,33894,691364
Hyundai,2017,CNG,Manual,First Owner,Hyderabad,i10,28228,551327
Hyundai,2019,Petrol,Manual,First Owner,Hyderabad,i10,13823,531000
Maruti,2016,Diesel,Manual,Second Owner,Hyderabad,Ritz,73854,347500
Maruti,2018,Petrol,AUTOMATIC,First Owner,Hyderabad,Celerio,8331,562000
Maruti,2019,Petrol,Manual,First Owner,Hyderabad,Celerio,22997,532000
Maruti,2019,Petrol,AUTOMATIC,First Owner,Hyderabad,Celerio,3478,580000
Hyundai,2019,Petrol,Manual,First Owner,Hyderabad,i10,38197,691000
Maruti,2019,Petrol,Manual,First Owner,Hyderabad,Celerio,75925,465500
Hyundai,2019,Petrol,Manual,Second Owner,Hyderabad,i20,29892,544000
Hyundai,2019,Petrol,Manual,First Owner,Hyderabad,Santro,14369,699500
Hyundai,2017,Petrol,Manual,First Owner,Hyderabad,i20,8662,542000
Volkswagen,2015,Diesel,Manual,Second Owner,Hyderabad,Polo,98265,557000
Maruti,2015,Diesel,Manual,First Owner,Hyderabad,Swift,36878,564000
Maruti,2013,Diesel,AUTOMATIC,First Owner,Hyderabad,Ritz,84203,396000
Hyundai,2018,Diesel,Manual,First Owner,Hyderabad,i20,74031,757000
Volkswagen,2015,Diesel,Manual,First Owner,Hyderabad,Polo,99555,558000
Hyundai,2019,Petrol,Manual,First Owner,Hyderabad,i10,16579,600500
Ford,2016,Petrol,Manual,First Owner,Hyderabad,Figo,23857,483500
Hyundai,2019,Petrol,Manual,First Owner,Hyderabad,Santro,13767,559051
Maruti,2018,Petrol,AUTOMATIC,First Owner,Hyderabad,Baleno,17335,515000
Maruti,2018,Petrol,Manual,First Owner,Hyderabad,Swift,13071,693000
Maruti,2015,Petrol,Manual,First Owner,Hyderabad,Alto,44193,280000
Maruti,2017,Diesel,Manual,First Owner,Hyderabad,Baleno,33579,734000
Maruti,2015,Petrol,Manual,First Owner,Hyderabad,Baleno,22208,597500
Hyundai,2016,Petrol,Manual,First Owner,Hyderabad,i20,22099,556000
Maruti,2015,Petrol,Manual,First Owner,Hyderabad,Ritz,36556,386500
Maruti,2015,Diesel,Manual,Second Owner,Hyderabad,Swift,108254,484500
Maruti,2020,Petrol,Manual,First Owner,Hyderabad,Brezza,8405,931000
Maruti,2018,Petrol,AUTOMATIC,First Owner,Hyderabad,Swift,10385,698185
Maruti,2018,Diesel,AUTOMATIC,First Owner,Hyderabad,Swift,500,676000
Tata,2020,Petrol,Manual,First Owner,Hyderabad,Altroz,15157,607500
Maruti,2018,Petrol,AUTOMATIC,First Owner,Hyderabad,Swift,13083,658500
Maruti,2018,Petrol,Manual,First Owner,Hyderabad,Omni,3071,356500
Maruti,2018,Petrol,AUTOMATIC,First Owner,Hyderabad,Celerio,14242,535500
Maruti,2018,Petrol,Manual,First Owner,Hyderabad,Baleno,8482,659500
Maruti,2015,Petrol,Manual,First Owner,Hyderabad,Swift,34782,570000
Hyundai,2016,Diesel,Manual,First Owner,Hyderabad,i20,85071,572500
Maruti,2016,Diesel,Manual,First Owner,Hyderabad,Swift,36568,613500
Maruti,2014,Diesel,Manual,First Owner,Hyderabad,Swift,82432,554500
Skoda,2012,Diesel,Manual,First Owner,Hyderabad,Rapid,97347,346500
Ford,2014,Diesel,Manual,First Owner,Hyderabad,EcoSport,131906,560000
Maruti,2017,Petrol,Manual,First Owner,Hyderabad,Swift,15641,632287
Maruti,2018,Petrol,AUTOMATIC,First Owner,Hyderabad,Swift,17754,711500
Hyundai,2017,Petrol,Manual,First Owner,Hyderabad,i10,41323,682000
Maruti,2017,Petrol,Manual,First Owner,Hyderabad,Baleno,12144,639000
Maruti,2012,Diesel,Manual,First Owner,Hyderabad,Swift,58523,432500
Maruti,2015,Petrol,Manual,First Owner,Hyderabad,Swift,31278,535980
Hyundai,2014,Diesel,Manual,First Owner,Hyderabad,i20,70332,569000
Maruti,2018,Petrol,Manual,First Owner,Hyderabad,Swift,15822,587000
Maruti,2015,Petrol,AUTOMATIC,Second Owner,Hyderabad,Celerio,21740,402500
Maruti,2015,Petrol,Manual,First Owner,Hyderabad,Swift Dzire,44471,558250
Maruti,2018,Diesel,AUTOMATIC,First Owner,Hyderabad,Swift Dzire,16906,780000
Hyundai,2011,Petrol,Manual,First Owner,Hyderabad,i10,40416,310000
Ford,2019,Diesel,Manual,First Owner,Hyderabad,EcoSport,6865,1051000
Maruti,2017,Diesel,Manual,First Owner,Hyderabad,Swift,46396,642500
Skoda,2014,Diesel,AUTOMATIC,First Owner,Hyderabad,Rapid,98748,514708
Hyundai,2015,Petrol,Manual,First Owner,Hyderabad,i10,500,403000
Maruti,2015,Petrol,Manual,First Owner,Hyderabad,Omni,29156,222000
Maruti,2014,Diesel,Manual,Second Owner,Hyderabad,Swift Dzire,38953,562000
Maruti,2012,Diesel,Manual,First Owner,Hyderabad,Swift Dzire,94449,476500
Maruti,2018,Petrol,Manual,First Owner,Hyderabad,Ciaz,16828,537000
Hyundai,2012,Petrol,Manual,First Owner,Hyderabad,i10,43683,315000
Honda,2015,Petrol,Manual,First Owner,Hyderabad,Amaze,26037,456500
Maruti,2013,Petrol,AUTOMATIC,First Owner,Hyderabad,Alto,31583,267132
Maruti,2018,Diesel,Manual,First Owner,Hyderabad,Brezza,55829,886000
Maruti,2020,Petrol,Manual,First Owner,Hyderabad,Brezza,8484,891000
Maruti,2016,Diesel,Manual,First Owner,Hyderabad,Ciaz,113845,587500
Renault,2017,Petrol,AUTOMATIC,Second Owner,Hyderabad,KWID,50470,368000
Renault,2016,Petrol,Manual,First Owner,Hyderabad,KWID,24249,341984
Kia,2020,Petrol,Manual,First Owner,Hyderabad,Seltos,11985,1342000
Hyundai,2012,Diesel,Manual,First Owner,Hyderabad,Verna,77344,406500
Honda,2009,Petrol,Manual,Third Owner,Hyderabad,City,123678,312000
Renault,2014,Diesel,Manual,First Owner,Hyderabad,Duster,114479,507500
Honda,2016,Diesel,Manual,First Owner,Hyderabad,City,69731,766000
Renault,2017,Petrol,Manual,Second Owner,Hyderabad,KWID,30499,314000
Volkswagen,2014,Petrol,Manual,First Owner,Hyderabad,Vento,107925,462500
Maruti,2017,Petrol,AUTOMATIC,First Owner,Hyderabad,Wagon R,42962,445000
Hyundai,2020,Petrol,Manual,First Owner,Hyderabad,i20,4815,931000
Hyundai,2012,Petrol,Manual,First Owner,Hyderabad,i10,39278,355500
Hyundai,2019,Petrol,Manual,First Owner,Hyderabad,i10,75883,629500
Maruti,2014,Petrol,Manual,First Owner,Hyderabad,Alto,34842,346000
Hyundai,2015,Petrol,Manual,First Owner,Hyderabad,i20,35758,428500
Maruti,2018,Diesel,AUTOMATIC,First Owner,Pune,Celerio,34311,996500
Maruti,2015,Diesel,Manual,First Owner,Pune,Swift Dzire,95297,750000
Maruti,2015,Petrol,Manual,First Owner,Pune,Swift Dzire,41993,530500
Maruti,2015,Petrol,Manual,First Owner,Pune,Ciaz,64343,549500
Maruti,2018,Petrol,AUTOMATIC,First Owner,Pune,Celerio,26689,551500
Maruti,2014,Petrol,Manual,First Owner,Pune,Celerio,86794,359431
Maruti,2014,Petrol,Manual,First Owner,Pune,Wagon R,28181,383500
Hyundai,2018,Petrol,Manual,First Owner,Pune,Santro,21817,476000
Maruti,2016,Petrol,Manual,First Owner,Pune,Alto,6707,374500
Hyundai,2014,Petrol,Manual,First Owner,Pune,i10,96569,357000
Maruti,2019,Petrol,Manual,First Owner,Pune,Alto,19945,388500
Maruti,2015,Petrol,Manual,First Owner,Pune,Wagon R,58035,384000
Fiat,2014,Diesel,Manual,First Owner,Pune,Grande Punto,75291,356500
Maruti,2017,Petrol,Manual,First Owner,Pune,Ignis,83478,513500
Maruti,2016,Petrol,AUTOMATIC,First Owner,Pune,Wagon R,18363,444500
Ford,2018,Petrol,Manual,First Owner,Pune,EcoSport,17439,600000
Maruti,2018,Petrol,AUTOMATIC,First Owner,Pune,Brezza,21855,558000
Maruti,2017,Petrol,AUTOMATIC,First Owner,Pune,Wagon R,23604,475500
Maruti,2017,Petrol,Manual,First Owner,Pune,Alto,50351,317381
Maruti,2014,Petrol,Manual,First Owner,Pune,Wagon R,28181,383500
Maruti,2018,Diesel,AUTOMATIC,First Owner,Pune,Alto,34311,996500
Maruti,2014,Petrol,Manual,Second Owner,Pune,Wagon R,89043,308500
Maruti,2017,Petrol,Manual,First Owner,Pune,Celerio,75383,514500
Maruti,2016,Petrol,AUTOMATIC,First Owner,Pune,Celerio,27590,501500
Maruti,2016,Petrol,Manual,First Owner,Pune,Wagon R,23918,381500
Maruti,2016,Petrol,Manual,First Owner,Pune,Wagon R,30571,421000
Maruti,2015,Petrol,Manual,First Owner,Pune,Wagon R,32398,422500
Maruti,2017,Diesel,Manual,First Owner,Pune,Brezza,78514,877000
Mahindra,2016,Diesel,Manual,First Owner,Pune,XUV500,71288,867000
Maruti,2017,CNG,Manual,First Owner,Pune,Wagon R,42619,493500
Maruti,2015,Petrol,Manual,First Owner,Pune,Swift Dzire,40647,396500
Hyundai,2014,Petrol,AUTOMATIC,Second Owner,Pune,i10,54936,456570
Maruti,2016,Petrol,Manual,First Owner,Pune,Celerio,55669,423500
Hyundai,2015,Petrol,Manual,Second Owner,Pune,i20,42578,558500
Maruti,2015,Petrol,Manual,First Owner,Pune,Wagon R,24122,468500
Maruti,2015,Petrol,Manual,First Owner,Pune,Swift,73134,530000
Hyundai,2011,Petrol,Manual,First Owner,Pune,i20,50796,294500
Maruti,2017,Petrol,Manual,First Owner,Pune,Alto,90516,326500
Maruti,2017,Petrol,AUTOMATIC,First Owner,Pune,Ciaz,25877,843500
Hyundai,2018,Petrol,AUTOMATIC,First Owner,Pune,i20,17908,765500
Maruti,2017,Diesel,Manual,First Owner,Pune,Brezza,60710,837500
Honda,2018,Petrol,Manual,First Owner,Pune,Amaze,9618,606500
Maruti,2018,Petrol,Manual,First Owner,Pune,Alto,13625,359500
Hyundai,2015,Petrol,Manual,First Owner,Pune,i10,61631,471000
Maruti,2017,Petrol,Manual,First Owner,Pune,Wagon R,50296,452500
Maruti,2016,Petrol,Manual,First Owner,Pune,Wagon R,62550,389000
Maruti,2013,Petrol,Manual,First Owner,Pune,Wagon R,55059,346000
Maruti,2017,Petrol,Manual,First Owner,Pune,Wagon R,24273,465000
Maruti,2017,Petrol,Manual,First Owner,Pune,Wagon R,52758,455500
Maruti,2018,Petrol,Manual,First Owner,Pune,Alto,10265,840000
Hyundai,2019,Petrol,AUTOMATIC,First Owner,Pune,i10,4521,591500
Maruti,2017,Petrol,AUTOMATIC,Second Owner,Pune,Celerio,14896,585000
Hyundai,2015,Petrol,AUTOMATIC,Second Owner,Pune,i20,62193,472500
Maruti,2016,Petrol,Manual,First Owner,Pune,Wagon R,33021,427000
Honda,2015,Petrol,Manual,First Owner,Bengaluru,Amaze,59439,457500
Renault,2018,Petrol,Manual,First Owner,Bengaluru,KWID,22912,444500
Hyundai,2019,Petrol,Manual,First Owner,Bengaluru,i10,19987,583500
Hyundai,2016,Petrol,Manual,First Owner,Bengaluru,EON,33285,360000
Ford,2014,Diesel,Manual,Second Owner,Bengaluru,EcoSport,62204,622500
Maruti,2015,Petrol,Manual,First Owner,Bengaluru,Swift,31401,404000
Honda,2017,Petrol,Manual,First Owner,Bengaluru,Jazz,44490,651000
Maruti,2017,Diesel,Manual,First Owner,Bengaluru,Brezza,72431,860000
Ford,2017,Diesel,Manual,First Owner,Bengaluru,Figo,5545,581000
Tata,2015,Diesel,AUTOMATIC,First Owner,Bengaluru,Zest,53737,449500
Honda,2017,Petrol,AUTOMATIC,Second Owner,Bengaluru,Jazz,64317,673500
MG,2020,Petrol,Manual,First Owner,Bengaluru,Hector,9097,1903500
Hyundai,2016,Diesel,Manual,First Owner,Bengaluru,i10,23622,603000
Hyundai,2021,Diesel,Manual,First Owner,Bengaluru,i20,9593,994000
Honda,2013,Petrol,AUTOMATIC,First Owner,Bengaluru,CR,95000,1000000
Lexus,2018,Petrol,AUTOMATIC,First Owner,Bengaluru,NX,7622,6395000
Audi,2010,Diesel,AUTOMATIC,First Owner,Bengaluru,Q5,80000,1250000
Audi,2013,Diesel,AUTOMATIC,Third Owner,Bengaluru,Q3,67000,1350000
Honda,2009,Petrol,AUTOMATIC,Second Owner,Bengaluru,City,45000,445000
BMW,2015,Diesel,AUTOMATIC,First Owner,Bengaluru,3Series,64000,2275000
Hyundai,2015,Petrol,Manual,First Owner,Bengaluru,i10,4924,347500
Hyundai,2016,Petrol,Manual,First Owner,Bengaluru,i10,18740,526500
Maruti,2017,Petrol,Manual,First Owner,Bengaluru,Alto,42752,357000
Maruti,2016,Petrol,AUTOMATIC,First Owner,Bengaluru,Celerio,26832,486326
Maruti,2017,Petrol,Manual,First Owner,Bengaluru,Ignis,42206,532000
Hyundai,2017,Petrol,Manual,First Owner,Bengaluru,i10,49814,510000
Maruti,2018,Petrol,Manual,First Owner,Bengaluru,Alto,5671,551372
Hyundai,2019,Petrol,Manual,First Owner,Bengaluru,i10,7129,636500
Renault,2018,Petrol,AUTOMATIC,First Owner,Bengaluru,KWID,12297,478000
Renault,2018,Petrol,Manual,First Owner,Bengaluru,KWID,17873,439885
Maruti,2017,Petrol,Manual,First Owner,Bengaluru,Wagon R,18900,491500
Hyundai,2014,Petrol,Manual,First Owner,Bengaluru,i10,30607,478500
Hyundai,2016,Petrol,AUTOMATIC,Second Owner,Bengaluru,i10,19255,504500
Renault,2017,Petrol,AUTOMATIC,First Owner,Bengaluru,KWID,10003,446000
Maruti,2014,Petrol,Manual,First Owner,Bengaluru,Celerio,37952,388500
Honda,2016,Petrol,Manual,Second Owner,Bengaluru,Jazz,37789,609000
Renault,2018,Petrol,AUTOMATIC,First Owner,Bengaluru,KWID,20965,467000
Hyundai,2016,Petrol,Manual,First Owner,Bengaluru,i10,28974,516000
Tata,2018,Petrol,AUTOMATIC,First Owner,Bengaluru,Tigor,11846,618500
Maruti,2018,Petrol,Manual,First Owner,Bengaluru,Brezza,17247,516000
Hyundai,2015,Petrol,AUTOMATIC,Second Owner,Bengaluru,i10,26776,515500
Maruti,2011,Petrol,Manual,First Owner,Bengaluru,Swift Dzire,73991,394000
Hyundai,2017,Petrol,Manual,First Owner,Bengaluru,i10,41894,572500
Maruti,2009,Petrol,Manual,First Owner,Bengaluru,Wagon R,51606,308000
Hyundai,2015,Petrol,Manual,First Owner,Bengaluru,i10,13179,528500
Skoda,2011,Diesel,Manual,Second Owner,Bengaluru,Laura,81309,461970
Renault,2018,Petrol,AUTOMATIC,First Owner,Bengaluru,KWID,17000,499568
Maruti,2016,Petrol,Manual,Second Owner,Bengaluru,Swift,37997,571000
Renault,2018,Petrol,Manual,First Owner,Bengaluru,KWID,41377,390120
Hyundai,2008,Petrol,Manual,Second Owner,Bengaluru,i10,43582,241000
Hyundai,2013,Petrol,Manual,First Owner,Bengaluru,i10,44110,452760
Maruti,2017,Petrol,Manual,Second Owner,Bengaluru,Wagon R,28512,462500
Renault,2017,Petrol,Manual,First Owner,Bengaluru,KWID,23390,458532
Renault,2016,Petrol,AUTOMATIC,First Owner,Bengaluru,KWID,45115,387500
Honda,2015,Petrol,Manual,First Owner,Bengaluru,Jazz,26166,611871
Maruti,2017,Petrol,Manual,First Owner,Bengaluru,Wagon R,30393,467000
Maruti,2016,Petrol,Manual,First Owner,Bengaluru,Baleno,36638,585000
Renault,2016,Petrol,Manual,First Owner,Bengaluru,KWID,32850,362000
Maruti,2017,Petrol,Manual,First Owner,Bengaluru,Swift,40231,579500
Honda,2015,Petrol,Manual,Second Owner,Bengaluru,Jazz,41605,550000
Maruti,2014,Diesel,Manual,First Owner,Delhi,Swift,66737,402500
Maruti,2018,Petrol,AUTOMATIC,First Owner,Delhi,Brezza,17011,564212
Tata,2017,Petrol,AUTOMATIC,First Owner,Delhi,Tiago,19544,450000
Maruti,2015,Petrol,Manual,First Owner,Delhi,Swift,79620,368500
Tata,2015,Petrol,Manual,First Owner,Delhi,Bolt,30791,294500
Maruti,2014,Diesel,Manual,First Owner,Delhi,Swift,72627,414000
Maruti,2018,Diesel,Manual,Second Owner,Delhi,Brezza,82299,696500
Hyundai,2013,Diesel,Manual,First Owner,Delhi,Verna,76561,395000
Ford,2016,Diesel,Manual,First Owner,Delhi,EcoSport,85775,586500
Mahindra,2019,Diesel,Manual,First Owner,Delhi,XUV300,91793,946500
Hyundai,2017,Petrol,Manual,First Owner,Delhi,i20,14018,500000
Hyundai,2011,Petrol,Manual,First Owner,Delhi,i10,82238,285500
Maruti,2019,Petrol,AUTOMATIC,First Owner,Delhi,Ignis,5598,648000
Hyundai,2020,Petrol,AUTOMATIC,First Owner,Delhi,Venue,9437,1240500
Hyundai,2011,Petrol,AUTOMATIC,Second Owner,Delhi,i10,55107,299000
Maruti,2020,Petrol,Manual,First Owner,Delhi,S-Presso,6646,427056
Toyota,2012,Diesel,Manual,Second Owner,Delhi,Etios,78536,251500
Hyundai,2012,Petrol,AUTOMATIC,First Owner,Delhi,i10,64543,326000
Maruti,2014,Diesel,Manual,First Owner,Delhi,Swift Dzire,98563,417000
Honda,2017,Petrol,AUTOMATIC,First Owner,Delhi,Jazz,33873,740000
Maruti,2013,Petrol,Manual,First Owner,Delhi,Swift,46699,387500
Maruti,2016,Petrol,Manual,First Owner,Delhi,Swift,34384,427000
Mahindra,2019,Diesel,Manual,First Owner,Delhi,XUV300,71719,844500
Maruti,2017,Diesel,Manual,First Owner,Delhi,Swift Dzire,71549,612000
Maruti,2013,Petrol,Manual,First Owner,Delhi,Wagon R,55675,323000
Maruti,2012,Diesel,Manual,First Owner,Delhi,Swift,82325,349000
Maruti,2018,Petrol,AUTOMATIC,First Owner,Delhi,Brezza,47393,665871
Maruti,2018,Petrol,Manual,First Owner,Delhi,Brezza,5114,503000
Honda,2017,Petrol,Manual,First Owner,Delhi,City,43742,685200
Hyundai,2015,Diesel,Manual,First Owner,Delhi,i10,43455,471000
Ford,2015,Diesel,Manual,First Owner,Delhi,EcoSport,43981,500000
Maruti,2015,Petrol,Manual,First Owner,Delhi,Swift Dzire,24477,445578
Tata,2012,Petrol,Manual,Second Owner,Delhi,Nano,27236,74500
Ford,2015,Petrol,Manual,First Owner,Delhi,EcoSport,32345,685000
Maruti,2016,Diesel,Manual,First Owner,Delhi,Swift,60637,462000
Hyundai,2016,Petrol,Manual,First Owner,Delhi,Verna,60820,637000
Hyundai,2017,Diesel,Manual,First Owner,Delhi,i20,68644,655500
Hyundai,2013,Diesel,Manual,First Owner,Delhi,Verna,83401,427000
Ford,2018,Petrol,Manual,First Owner,Delhi,EcoSport,30953,743820
Honda,2015,Petrol,AUTOMATIC,First Owner,Delhi,City,79502,690772
Maruti,2013,Diesel,Manual,First Owner,Delhi,Alto,61671,353497
Hyundai,2020,Petrol,Manual,First Owner,Delhi,i10,8509,578000
Ford,2014,Diesel,AUTOMATIC,First Owner,Delhi,EcoSport,63247,537500
Mahindra,2016,Diesel,Manual,Second Owner,Delhi,KUV 100,54476,397000
Hyundai,2019,Petrol,Manual,First Owner,Delhi,i20,29942,617000
Maruti,2013,Petrol,Manual,First Owner,Delhi,Swift Dzire,27017,285468
Hyundai,2011,Petrol,Manual,First Owner,Delhi,i10,41311,266500
Hyundai,2019,Petrol,Manual,First Owner,Delhi,i20,23943,494000
Hyundai,2016,Petrol,Manual,First Owner,Delhi,i10,28180,440000
Mahindra,2016,Diesel,Manual,Second Owner,Delhi,KUV 100,66377,323000
Maruti,2013,Diesel,Manual,First Owner,Delhi,Swift Dzire,75361,387000
Maruti,2013,Diesel,Manual,Second Owner,Delhi,Swift,93558,300000
Maruti,2016,Petrol,Manual,First Owner,Delhi,Alto,32053,302208
Hyundai,2017,Diesel,Manual,First Owner,Delhi,i10,62547,412206
Maruti,2013,Diesel,Manual,First Owner,Delhi,Ertiga,99877,450000
Maruti,2015,Petrol,Manual,First Owner,Delhi,Swift,67565,490000
Hyundai,2014,Petrol,Manual,First Owner,Delhi,Verna,100421,448500
Honda,2013,Petrol,Manual,Second Owner,Delhi,Brio,79651,272500
Maruti,2015,Diesel,Manual,First Owner,Delhi,Swift,25433,587000
Hyundai,2013,Petrol,Manual,First Owner,Delhi,EON,59027,222500
Maruti,2018,Petrol,Manual,First Owner,Delhi,Brezza,65009,568158
Nissan,2019,Petrol,Manual,First Owner,Delhi,Datsun,15598,270000
Honda,2014,Petrol,AUTOMATIC,First Owner,Delhi,City,93090,646500
Honda,2014,Diesel,Manual,First Owner,Delhi,City,92150,524500
Renault,2012,Diesel,Manual,First Owner,Delhi,Duster,388500,388500
Maruti,2018,Petrol,Manual,First Owner,Delhi,Brezza,30903,672500
Honda,2015,Petrol,Manual,Second Owner,Delhi,City,64284,600000
Maruti,2018,Petrol,Manual,First Owner,Delhi,Celerio,34377,563870
Tata,2019,Diesel,Manual,First Owner,Delhi,Tiago,63318,489500
Tata,2019,Petrol,Manual,First Owner,Delhi,Tiago,18833,500000
Maruti,2015,Diesel,Manual,First Owner,Delhi,Ciaz,58562,416000
Ford,2017,Diesel,Manual,First Owner,Delhi,Figo,76998,392000
Maruti,2017,Diesel,Manual,First Owner,Delhi,Swift,77503,491500
Maruti,2015,Petrol,Manual,First Owner,Delhi,Swift,52655,453948
Ford,2018,Petrol,Manual,First Owner,Delhi,EcoSport,22616,533500
Maruti,2016,Petrol,Manual,First Owner,Delhi,Baleno,58078,520500
Hyundai,2013,Diesel,Manual,First Owner,Delhi,Verna,66997,425000
Honda,2017,Petrol,Manual,First Owner,Delhi,City,14815,814432
Tata,2018,Petrol,AUTOMATIC,First Owner,Delhi,Tigor,43855,467826
Hyundai,2015,Petrol,Manual,First Owner,Delhi,i20,73016,290500
Maruti,2016,Diesel,Manual,First Owner,Delhi,Baleno,131296,490928
Honda,2017,Petrol,Manual,First Owner,Delhi,City,13035,788145
Hyundai,2018,Petrol,Manual,First Owner,Delhi,i10,12697,496500
Maruti,2014,Diesel,Manual,First Owner,Delhi,Ciaz,96723,490500
Hyundai,2011,Petrol,Manual,First Owner,Delhi,EON,75986,157500
Maruti,2020,Petrol,Manual,First Owner,Delhi,Baleno,9437,576000
Maruti,2018,Diesel,Manual,First Owner,Delhi,Celerio,48118,570912
Hyundai,2018,Petrol,Manual,First Owner,Delhi,Verna,8742,891726
Mahindra,2016,Diesel,AUTOMATIC,First Owner,Delhi,TUV 300,86927,551000
Ford,2015,Diesel,Manual,First Owner,Delhi,EcoSport,36775,556000
Hyundai,2013,Diesel,Manual,First Owner,Delhi,Verna,69239,414000
Mahindra,2018,Diesel,Manual,First Owner,Delhi,Bolero,25420,676508
Hyundai,2018,Petrol,Manual,First Owner,Delhi,EON,31472,298000
Tata,2017,Diesel,Manual,First Owner,Delhi,Nexon,32832,684000
Honda,2018,Petrol,Manual,First Owner,Delhi,City,22798,903000
Volkswagen,2011,Petrol,Manual,First Owner,Delhi,Vento,77531,300000
Ford,2018,Diesel,Manual,First Owner,Delhi,EcoSport,70944,777500
Mahindra,2016,Diesel,Manual,Second Owner,Delhi,KUV 100,99534,302640
Maruti,2017,Diesel,Manual,First Owner,Delhi,Swift Dzire,41508,585000
Honda,2015,Petrol,Manual,Second Owner,Delhi,City,78296,541681
Hyundai,2016,Petrol,AUTOMATIC,First Owner,Delhi,i20,50024,569000
Hyundai,2016,Diesel,Manual,First Owner,Delhi,i20,64390,544500
Maruti,2014,Petrol,Manual,First Owner,Delhi,Swift Dzire,102690,416500
Maruti,2017,Diesel,Manual,First Owner,Delhi,Swift Dzire,46403,613000
Tata,2017,Petrol,Manual,Second Owner,Delhi,Tigor,69465,344000
Volkswagen,2012,Diesel,Manual,First Owner,Delhi,Vento,85123,307500
Maruti,2018,Diesel,Manual,First Owner,Delhi,Celerio,75710,618500
Honda,2016,Petrol,AUTOMATIC,First Owner,Delhi,Jazz,21369,594000
Maruti,2014,Diesel,Manual,First Owner,Delhi,Swift Dzire,78327,345000
Toyota,2015,Petrol,Manual,First Owner,Delhi,Etios,35717,412855
Renault,2019,Petrol,Manual,First Owner,Delhi,Triber,17062,509500
Maruti,2016,Petrol,Manual,Second Owner,Delhi,Baleno,47156,482500
Tata,2019,Petrol,Manual,First Owner,Delhi,Tigor,15681,550500
Honda,2011,Petrol,Manual,First Owner,Delhi,City,92331,326500
Nissan,2013,Diesel,Manual,First Owner,Delhi,Sunny,54251,275290
Hyundai,2013,Petrol,Manual,First Owner,Delhi,i20,54952,340357
Maruti,2016,CNG,Manual,First Owner,Delhi,Alto,55252,325500
Maruti,2016,Petrol,AUTOMATIC,First Owner,Delhi,Celerio,15785,425500
Toyota,2011,Petrol,Manual,First Owner,Delhi,Etios,55742,240000
Maruti,2016,Petrol,AUTOMATIC,First Owner,Delhi,Celerio,48964,381500
Maruti,2015,Petrol,AUTOMATIC,Second Owner,Delhi,Baleno,97767,558000
Maruti,2018,Petrol,AUTOMATIC,First Owner,Delhi,Celerio,29837,520500
Maruti,2016,Diesel,Manual,Second Owner,Delhi,Ciaz,69653,621500
Maruti,2018,Petrol,Manual,First Owner,Delhi,Celerio,57902,674500
Maruti,2016,CNG,Manual,First Owner,Delhi,Alto,55252,325500
Hyundai,2017,Petrol,Manual,First Owner,Delhi,i20,36375,562000
Skoda,2014,Diesel,Manual,First Owner,Delhi,Rapid,67574,356000
Maruti,2020,Petrol,Manual,First Owner,Delhi,Ertiga,45458,974000
Maruti,2016,Petrol,Manual,First Owner,Delhi,Eeco,95285,289500
Maruti,2013,Petrol,Manual,First Owner,Delhi,Wagon R,29077,448500
Renault,2014,Diesel,Manual,Second Owner,Delhi,Duster,65675,332000
Hyundai,2014,Petrol,Manual,Second Owner,Delhi,Xcent,35706,352500
Hyundai,2011,Petrol,Manual,First Owner,Delhi,Verna,63825,300000
Maruti,2017,Diesel,Manual,Second Owner,Delhi,Ertiga,44494,654000
Maruti,2018,Diesel,Manual,First Owner,Delhi,Celerio,27038,544344
Maruti,2018,Petrol,Manual,First Owner,Delhi,Swift Dzire,15164,361000
Maruti,2017,Petrol,Manual,First Owner,Delhi,Alto,23354,327000
Maruti,2018,Petrol,Manual,First Owner,Delhi,Swift Dzire,49514,579500
Maruti,2016,Petrol,AUTOMATIC,First Owner,Delhi,Alto,21863,348000
Maruti,2014,Diesel,Manual,First Owner,Delhi,Swift Dzire,63004,445450
Maruti,2020,Petrol,Manual,First Owner,Delhi,S-Presso,18653,445000
Hyundai,2016,Diesel,Manual,First Owner,Delhi,i20,47565,519185
Maruti,2017,Petrol,Manual,Second Owner,Delhi,Alto,21200,356250
Maruti,2015,Diesel,Manual,First Owner,Delhi,Ciaz,76418,409500
Tata,2019,Petrol,Manual,First Owner,Delhi,Tiago,9545,548739
Maruti,2015,Diesel,Manual,First Owner,Delhi,Celerio,65425,511500
Maruti,2018,Petrol,AUTOMATIC,First Owner,Delhi,Swift Dzire,20878,668578
Hyundai,2016,Diesel,Manual,First Owner,Delhi,i20,57732,522000
Maruti,2016,Diesel,Manual,First Owner,Delhi,Ciaz,78494,622109
Hyundai,2016,Diesel,Manual,First Owner,Delhi,i20,97760,545000
Maruti,2017,Diesel,Manual,First Owner,Delhi,Swift Dzire,78863,682104
Maruti,2018,Petrol,Manual,First Owner,Delhi,Alto,21377,526500
Maruti,2019,Petrol,Manual,First Owner,Delhi,Alto,9747,376500
Toyota,2019,Petrol,Manual,First Owner,Delhi,Etios,18518,625000
Maruti,2017,Petrol,Manual,First Owner,Delhi,Ignis,18495,449198
Maruti,2016,Petrol,Manual,Second Owner,Delhi,Alto,39557,274000
Maruti,2019,Petrol,Manual,First Owner,Delhi,Alto,7213,379000
Maruti,2018,Petrol,Manual,First Owner,Delhi,Brezza,17036,645500
Maruti,2017,Petrol,Manual,First Owner,Delhi,Alto,26905,324000
Hyundai,2014,Diesel,Manual,First Owner,Delhi,i20,134322,386970
Hyundai,2015,Petrol,Manual,First Owner,Delhi,i20,102032,356500
Maruti,2016,Petrol,AUTOMATIC,First Owner,Delhi,Ciaz,24540,692500
Ford,2014,Diesel,Manual,Second Owner,Delhi,EcoSport,79086,454596
Maruti,2016,Petrol,Manual,First Owner,Delhi,Swift Dzire,22725,498742
Maruti,2015,Diesel,Manual,First Owner,Delhi,Swift,58323,507500
Maruti,2016,Petrol,Manual,First Owner,Delhi,Alto,41147,285500
Renault,2019,Petrol,Manual,First Owner,Delhi,Triber,9167,596500
Maruti,2018,Petrol,Manual,First Owner,Delhi,Ciaz,29404,616890
Ford,2016,Diesel,Manual,First Owner,Delhi,EcoSport,94151,558816
Maruti,2017,Diesel,Manual,First Owner,Delhi,Brezza,57301,706076
Maruti,2017,Petrol,Manual,Second Owner,Delhi,Alto,17124,305000
Hyundai,2014,Petrol,Manual,Second Owner,Delhi,i10,54147,354784
Maruti,2017,Petrol,AUTOMATIC,Second Owner,Delhi,Alto,44151,329000
Maruti,2017,Petrol,Manual,First Owner,Delhi,Ciaz,26793,680000
Maruti,2016,Diesel,Manual,First Owner,Delhi,Brezza,95655,635500
Maruti,2013,Petrol,Manual,First Owner,Delhi,Swift,61825,298000
Maruti,2017,Petrol,AUTOMATIC,First Owner,Delhi,Celerio,37743,419388
Hyundai,2019,Petrol,Manual,First Owner,Delhi,Venue,16860,950000
Maruti,2012,Petrol,AUTOMATIC,Second Owner,Delhi,Swift Dzire,56773,344760
Maruti,2016,Petrol,Manual,First Owner,Delhi,Alto,16473,266000
Maruti,2017,Petrol,Manual,First Owner,Delhi,Alto,19459,293000
Renault,2015,Petrol,Manual,First Owner,Delhi,KWID,15728,264000
Maruti,2017,CNG,Manual,First Owner,Delhi,Eeco,82345,312860
Maruti,2016,Petrol,Manual,First Owner,Delhi,Swift,140039,392000
Maruti,2016,Petrol,Manual,First Owner,Delhi,Baleno,55291,487500
Ford,2013,Diesel,Manual,Second Owner,Delhi,Ecosport,91401,418000
Maruti,2019,Petrol,Manual,First Owner,Delhi,Wagon R,5627,473000
Maruti,2018,Petrol,Manual,First Owner,Delhi,Ciaz,10448,421500
Maruti,2018,Diesel,Manual,First Owner,Delhi,Ciaz,54348,564500
Maruti,2011,Petrol,Manual,First Owner,Delhi,Swift,47914,289000
Maruti,2017,Petrol,Manual,First Owner,Delhi,Swift,23372,453500
Maruti,2013,Petrol,Manual,First Owner,Delhi,Swift,74882,344000
Maruti,2019,Petrol,Manual,First Owner,Delhi,Wagon R,12659,480000
Maruti,2016,Petrol,Manual,First Owner,Delhi,Wagon R,63691,325500
Maruti,2014,Petrol,Manual,First Owner,Delhi,Swift Dzire,89888,372000
Hyundai,2012,Petrol,AUTOMATIC,Second Owner,Delhi,i10,85915,275000
Hyundai,2012,Petrol,Manual,First Owner,Delhi,Verna,44385,426000
Hyundai,2020,Petrol,Manual,First Owner,Delhi,Venue,13293,998160
Maruti,2019,Petrol,Manual,First Owner,Delhi,Alto,7963,325500
Maruti,2019,Petrol,AUTOMATIC,First Owner,Delhi,Wagon R,14561,531000
Volkswagen,2018,Petrol,Manual,First Owner,Delhi,Polo,13739,608500
Maruti,2015,Petrol,Manual,Second Owner,Delhi,Swift,39047,320000
Hyundai,2013,Petrol,Manual,Second Owner,Delhi,i10,102452,239500
Hyundai,2018,Petrol,Manual,First Owner,Delhi,i20,58595,552500
Hyundai,2010,Petrol,Manual,First Owner,Delhi,i20,78023,252364
Volkswagen,2019,Petrol,Manual,Second Owner,Delhi,Ameo,61925,528144
Maruti,2016,Petrol,Manual,First Owner,Delhi,Swift Dzire,55795,478000
Maruti,2017,Petrol,Manual,First Owner,Delhi,Wagon R,24728,390830
Maruti,2016,Petrol,Manual,First Owner,Delhi,Wagon R,35148,327000
Maruti,2012,Petrol,Manual,First Owner,Delhi,Alto,62877,208000
Hyundai,2019,Petrol,Manual,First Owner,Delhi,Xcent,23435,559500
Hyundai,2018,Diesel,Manual,First Owner,Delhi,Creta,68110,895500
Ford,2013,Diesel,Manual,First Owner,Delhi,Ecosport,70802,510540
Maruti,2017,Diesel,Manual,First Owner,Delhi,Ciaz,51421,624000
Toyota,2012,Diesel,Manual,First Owner,Delhi,Etios,67585,297000
Maruti,2016,Petrol,AUTOMATIC,First Owner,Delhi,Wagon R,62425,377079
Toyota,2018,Diesel,Manual,First Owner,Delhi,Etios,56472,541536
Toyota,2013,Diesel,Manual,First Owner,Delhi,Etios,80471,346500
Ford,2018,Diesel,Manual,Second Owner,Delhi,EcoSport,80505,738000
Maruti,2016,Diesel,Manual,First Owner,Delhi,Ciaz,78494,622109
Honda,2015,Petrol,Manual,First Owner,Delhi,City,98792,683988
Maruti,2019,Petrol,Manual,First Owner,Delhi,Swift,23742,521500
Renault,2014,Diesel,AUTOMATIC,First Owner,Delhi,Duster,112117,405618
Hyundai,2016,Diesel,Manual,First Owner,Delhi,i20,97760,545000
Toyota,2014,Diesel,Manual,First Owner,Delhi,Etios,67058,429311
Maruti,2017,Diesel,Manual,First Owner,Delhi,Swift Dzire,78863,682104
Maruti,2017,Petrol,Manual,First Owner,Delhi,Ciaz,43559,635000
Renault,2016,Diesel,AUTOMATIC,First Owner,Delhi,Duster,72273,638500
Honda,2017,Petrol,Manual,First Owner,Delhi,Jazz,58269,541500
Maruti,2016,Diesel,Manual,First Owner,Delhi,Ciaz,79481,600191
Maruti,2015,Petrol,Manual,First Owner,Delhi,Swift Dzire,13958,416400
Hyundai,2017,Petrol,Manual,First Owner,Delhi,i20,47053,472000
Honda,2017,Petrol,Manual,First Owner,Delhi,Jazz,58269,541500
Maruti,2016,Diesel,Manual,First Owner,Delhi,Ciaz,79481,600191
Maruti,2015,Petrol,Manual,First Owner,Delhi,Swift Dzire,13958,416400
Hyundai,2017,Petrol,Manual,First Owner,Delhi,i20,47053,472000
Ford,2015,Diesel,Manual,First Owner,Delhi,EcoSport,87208,539500
Maruti,2019,Petrol,AUTOMATIC,First Owner,Delhi,Celerio,7347,489112
Maruti,2020,Petrol,Manual,First Owner,Delhi,Baleno,13803,576000
Maruti,2020,Petrol,Manual,First Owner,Delhi,Baleno,13258,578500
Hyundai,2016,Petrol,Manual,First Owner,Delhi,i20,28562,558000
Maruti,2018,Petrol,Manual,First Owner,Delhi,Ciaz,21377,526500
Maruti,2016,Diesel,Manual,First Owner,Delhi,Baleno,36993,489000
Maruti,2019,Petrol,Manual,First Owner,Delhi,Alto,9747,376500
Maruti,2015,Diesel,Manual,First Owner,Delhi,Baleno,54632,480000
Maruti,2017,Diesel,Manual,First Owner,Delhi,Brezza,82513,730752
Hyundai,2015,Petrol,Manual,First Owner,Delhi,i10,63324,346758
Maruti,2012,Petrol,AUTOMATIC,First Owner,Delhi,Alto,15979,223152
Hyundai,2017,Diesel,Manual,First Owner,Delhi,i10,61639,410215
Toyota,2019,Petrol,Manual,First Owner,Delhi,Etios,18518,625000
Ford,2015,Diesel,Manual,First Owner,Delhi,EcoSport,86059,548000
Maruti,2018,Petrol,Manual,First Owner,Delhi,Ciaz,13215,363000
Maruti,2018,Diesel,AUTOMATIC,First Owner,Delhi,Ciaz,56585,711500
Maruti,2018,Petrol,Manual,First Owner,Delhi,Ciaz,13911,347460
Maruti,2013,Diesel,Manual,First Owner,Delhi,Swift Dzire,74496,303283
Maruti,2013,Diesel,Manual,First Owner,Delhi,Swift Dzire,54025,413243
Honda,2014,Petrol,AUTOMATIC,First Owner,Delhi,Brio,26813,510366
Maruti,2018,Diesel,Manual,First Owner,Delhi,Ciaz,67922,539808
Maruti,2017,Petrol,Manual,First Owner,Delhi,Ignis,32643,503196
Maruti,2017,Petrol,Manual,First Owner,Delhi,Ignis,18495,449198
Maruti,2018,Petrol,Manual,First Owner,Delhi,Ciaz,18792,565000
Honda,2015,Diesel,Manual,First Owner,Delhi,Jazz,65911,696000
Hyundai,2015,Petrol,AUTOMATIC,Second Owner,Delhi,i10,32105,477134
Honda,2014,Diesel,Manual,Second Owner,Delhi,City,104585,482190
Hyundai,2018,Petrol,Manual,First Owner,Delhi,i20,42964,657879
Maruti,2016,Petrol,Manual,Second Owner,Delhi,Alto,39557,274000
Hyundai,2013,Petrol,Manual,First Owner,Delhi,i10,62594,301074
Hyundai,2019,Petrol,Manual,First Owner,Delhi,i10,6928,524000
Hyundai,2016,Petrol,Manual,First Owner,Delhi,i10,27045,576000
Maruti,2019,Petrol,Manual,First Owner,Delhi,Alto,4383,378500
Maruti,2018,Petrol,Manual,First Owner,Delhi,Baleno,17036,645500
Hyundai,2018,Petrol,Manual,First Owner,Delhi,i20,59908,644500
Maruti,2019,Petrol,Manual,First Owner,Delhi,Alto,7213,379000
Maruti,2017,Petrol,Manual,First Owner,Delhi,Swift,25165,436205
Maruti,2013,Diesel,Manual,First Owner,Delhi,Alto,95912,365000
Maruti,2015,Petrol,Manual,First Owner,Delhi,Alto,79842,420500
Maruti,2016,Diesel,Manual,Second Owner,Delhi,Ciaz,55985,501630
Hyundai,2013,Diesel,Manual,First Owner,Delhi,Verna,62251,408500
Ford,2015,Diesel,Manual,First Owner,Delhi,EcoSport,124052,459780
Maruti,2011,Petrol,Manual,First Owner,Delhi,Alto,81840,173500
Maruti,2016,Petrol,Manual,First Owner,Delhi,Alto,50097,273500
Maruti,2019,Petrol,Manual,First Owner,Delhi,Ignis,9779,541000
Hyundai,2018,Petrol,Manual,First Owner,Delhi,i10,14880,479500
Maruti,2015,Petrol,Manual,First Owner,Delhi,Swift Dzire,49192,466500
Hyundai,2017,Petrol,Manual,First Owner,Delhi,i20,16001,750000
Maruti,2017,Petrol,Manual,First Owner,Delhi,Alto,26905,324000
Maruti,2017,Diesel,Manual,First Owner,Delhi,Brezza,71848,698000
Maruti,2019,Petrol,Manual,First Owner,Delhi,Baleno,27729,655000
Hyundai,2014,Petrol,Manual,Second Owner,Delhi,i10,54147,354784
Maruti,2019,Petrol,Manual,First Owner,Delhi,Ignis,9024,507000
Hyundai,2017,Petrol,Manual,Second Owner,Delhi,i20,40661,531846
Maruti,2017,Petrol,AUTOMATIC,Second Owner,Delhi,Alto,44151,329000
Maruti,2017,Diesel,Manual,First Owner,Delhi,Brezza,80132,746000
Maruti,2017,Petrol,AUTOMATIC,First Owner,Delhi,Alto,59523,320500
Maruti,2020,Petrol,Manual,First Owner,Delhi,Brezza,27675,935202
Maruti,2017,Diesel,Manual,First Owner,Delhi,Swift,42888,500000
Maruti,2019,Petrol,Manual,First Owner,Delhi,Swift,7986,562920
Tata,2019,Petrol,Manual,First Owner,Delhi,Tiago,6947,540500
Maruti,2013,Petrol,Manual,First Owner,Delhi,Wagon R,63762,254500
Hyundai,2018,Petrol,Manual,First Owner,Delhi,i10,28944,472500
Hyundai,2019,Petrol,Manual,First Owner,Delhi,i10,12598,550500
Maruti,2017,Diesel,Manual,First Owner,Delhi,Brezza,21355,761500
Hyundai,2014,Diesel,Manual,First Owner,Delhi,i20,134322,386970
Maruti,2014,Diesel,Manual,First Owner,Delhi,Ciaz,77891,507000
Maruti,2016,Petrol,AUTOMATIC,First Owner,Delhi,Ciaz,24540,692500
Ford,2015,Diesel,Manual,First Owner,Delhi,EcoSport,59092,390000
Volkswagen,2014,Diesel,Manual,First Owner,Delhi,Polo,76025,372000
Hyundai,2015,Petrol,Manual,First Owner,Delhi,i10,102032,356500
Maruti,2018,Petrol,Manual,First Owner,Delhi,Baleno,39393,464000
Hyundai,2015,Diesel,Manual,First Owner,Delhi,i10,59646,544668
Maruti,2015,Petrol,Manual,First Owner,Delhi,Ciaz,85613,265500
Honda,2015,Diesel,Manual,First Owner,Delhi,City,122818,548532
Hyundai,2014,Petrol,Manual,First Owner,Delhi,i20,67676,496122
Maruti,2016,Petrol,Manual,First Owner,Delhi,Baleno,39350,518500
Maruti,2017,Diesel,Manual,First Owner,Delhi,Ciaz,89418,589974
Hyundai,2015,Petrol,Manual,First Owner,Delhi,i10,40750,726767
Hyundai,2015,Diesel,Manual,First Owner,Delhi,i20,96041,473604
Ford,2015,Petrol,AUTOMATIC,First Owner,Delhi,EcoSport,76725,656009
Maruti,2018,Diesel,Manual,First Owner,Delhi,Baleno,61500,802500
Maruti,2014,Diesel,Manual,First Owner,Delhi,Swift,72653,411000
Hyundai,2016,Diesel,Manual,Second Owner,Delhi,i10,63759,375000
Ford,2016,Petrol,Manual,First Owner,Delhi,EcoSport,57729,646920
Maruti,2016,Petrol,Manual,First Owner,Delhi,Swift Dzire,22725,498742
Hyundai,2019,Diesel,Manual,First Owner,Delhi,Venue,58169,990552
Maruti,2014,Petrol,Manual,First Owner,Delhi,Swift,72983,407500
Maruti,2018,Petrol,Manual,First Owner,Delhi,Ertiga,28730,664332
Hyundai,2014,Diesel,Manual,First Owner,Delhi,i20,54445,457500
Honda,2014,Petrol,Manual,First Owner,Delhi,City,89510,617500
Volkswagen,2014,Diesel,Manual,Second Owner,Delhi,Polo,68205,331000
Renault,2015,Diesel,Manual,First Owner,Delhi,Duster,106169,426840
Hyundai,2016,Petrol,Manual,First Owner,Delhi,Verna,73662,637833
Maruti,2017,Petrol,Manual,First Owner,Delhi,Ciaz,68634,700500
Hyundai,2015,Diesel,Manual,First Owner,Delhi,i20,79238,568450
Maruti,2015,Diesel,AUTOMATIC,Second Owner,Delhi,Ciaz,64352,500000
Maruti,2015,Diesel,Manual,First Owner,Delhi,Alto,58323,507500
Maruti,2014,Diesel,AUTOMATIC,First Owner,Delhi,Swift,78788,382000
Maruti,2015,Diesel,Manual,First Owner,Delhi,Baleno,54217,624000
Honda,2012,Petrol,Manual,First Owner,Delhi,Brio,37297,261500
Maruti,2012,Diesel,Manual,First Owner,Delhi,Swift,36586,343000
Honda,2014,Petrol,Manual,First Owner,Delhi,Brio,90158,312000
Maruti,2016,Diesel,Manual,First Owner,Delhi,Ciaz,79928,606000
Maruti,2017,Petrol,AUTOMATIC,First Owner,Delhi,Celerio,37743,419388
Maruti,2014,Petrol,Manual,First Owner,Delhi,Swift,23518,396654
Hyundai,2015,Diesel,Manual,First Owner,Delhi,i20,79553,468960
Maruti,2015,Petrol,Manual,First Owner,Delhi,Alto,60606,279500
Maruti,2018,Petrol,Manual,First Owner,Delhi,Ignis,22316,597027
Maruti,2019,Petrol,Manual,First Owner,Delhi,Alto,7888,414500
Volkswagen,2016,Petrol,AUTOMATIC,First Owner,Delhi,Vento,71447,528000
Maruti,2018,Petrol,Manual,First Owner,Delhi,Ertiga,48165,356500
Maruti,2017,Petrol,Manual,First Owner,Delhi,Alto,25165,329258
Volkswagen,2018,Petrol,AUTOMATIC,First Owner,Delhi,Vento,53738,711000
Maruti,2015,Petrol,AUTOMATIC,First Owner,Delhi,Baleno,61931,536244
Maruti,2019,Petrol,Manual,First Owner,Delhi,Wagon R,5627,473000
Honda,2014,Petrol,Manual,Second Owner,Delhi,City,52951,511500
Ford,2015,Diesel,Manual,First Owner,Delhi,EcoSport,86059,548000
Hyundai,2015,Diesel,Manual,First Owner,Delhi,i20,56200,369939
Maruti,2016,Petrol,Manual,First Owner,Delhi,Alto,41147,285500
Hyundai,2019,Petrol,Manual,First Owner,Delhi,i20,6642,668176
Maruti,2018,Diesel,Manual,First Owner,Delhi,Ciaz,36883,581388
Maruti,2017,Petrol,Manual,First Owner,Delhi,Ignis,23615,468960
Renault,2020,Petrol,Manual,First Owner,Delhi,Triber,1581,658500
Renault,2019,Petrol,Manual,First Owner,Delhi,Triber,9167,596500
Volkswagen,2016,Petrol,Manual,First Owner,Delhi,Ameo,39784,495744
Maruti,2018,Petrol,Manual,First Owner,Delhi,Ignis,29404,616890
Ford,2014,Diesel,Manual,First Owner,Delhi,EcoSport,85420,480667
Maruti,2019,Petrol,Manual,First Owner,Delhi,Wagon R,14499,466000
Renault,2019,Petrol,Manual,First Owner,Delhi,KWID,11477,331500
Maruti,2012,Petrol,Manual,Second Owner,Delhi,Alto,79016,212848
Maruti,2016,Petrol,Manual,First Owner,Delhi,Alto,16473,266000
Toyota,2017,Petrol,Manual,First Owner,Delhi,Etios,55752,439862
Hyundai,2018,Petrol,Manual,Second Owner,Delhi,i20,40507,523000
Maruti,2018,Diesel,Manual,First Owner,Delhi,Baleno,39328,616500
Maruti,2015,Diesel,Manual,First Owner,Delhi,Swift,78623,430000
Maruti,2019,Diesel,Manual,First Owner,Delhi,Swift Dzire,52212,661500
Volkswagen,2016,Petrol,AUTOMATIC,First Owner,Delhi,Polo,79991,535617
Maruti,2018,Petrol,Manual,First Owner,Delhi,Ignis,18819,361000
Ford,2016,Diesel,Manual,First Owner,Delhi,EcoSport,94151,558816
Maruti,2019,Petrol,Manual,First Owner,Delhi,Baleno,5932,695500
Maruti,2017,Petrol,AUTOMATIC,First Owner,Delhi,Brezza,39462,568000
Maruti,2015,Diesel,Manual,First Owner,Delhi,Swift Dzire,88285,456500
Maruti,2017,Diesel,Manual,First Owner,Delhi,Wagon R,58713,667500
Maruti,2017,Petrol,Manual,First Owner,Delhi,Brezza,58319,428136
Maruti,2017,Petrol,Manual,First Owner,Delhi,Alto,34854,305000
Maruti,2017,Diesel,Manual,First Owner,Delhi,Brezza,57301,706076
Maruti,2012,Diesel,Manual,First Owner,Delhi,Swift Dzire,116238,313500
Maruti,2017,Petrol,Manual,Second Owner,Delhi,Alto,17124,305000
Volkswagen,2019,Petrol,Manual,First Owner,Delhi,Polo,8559,537500
Maruti,2016,Petrol,Manual,First Owner,Delhi,Alto,61562,285000
Hyundai,2015,Petrol,Manual,Second Owner,Delhi,i20,34232,455500
Maruti,2017,Petrol,AUTOMATIC,First Owner,Delhi,Ignis,42389,528500
Hyundai,2017,Petrol,Manual,First Owner,Delhi,i20,52938,552000
Hyundai,2019,Petrol,AUTOMATIC,First Owner,Delhi,Venue,21474,1064000
Honda,2009,Petrol,Manual,Second Owner,Delhi,City,65605,251500
Hyundai,2014,Petrol,Manual,Second Owner,Delhi,i10,54147,354784
Maruti,2017,Petrol,Manual,First Owner,Delhi,Alto,23845,283500
Maruti,2013,Petrol,Manual,First Owner,Delhi,Wagon R,30445,268000
Maruti,2013,Petrol,Manual,First Owner,Delhi,Wagon R,44660,322155
Maruti,2017,Diesel,Manual,First Owner,Delhi,Ertiga,21109,758400
Maruti,2015,Petrol,Manual,First Owner,Delhi,Swift,100380,365500
Maruti,2018,Petrol,Manual,First Owner,Delhi,Baleno,47478,480455
Maruti,2017,Diesel,Manual,First Owner,Delhi,Brezza,33434,750000
Maruti,2019,Petrol,Manual,Second Owner,Delhi,Wagon R,14788,456000
Maruti,2018,Petrol,Manual,First Owner,Delhi,Swift Dzire,58458,493500
Ford,2018,Diesel,Manual,First Owner,Delhi,EcoSport,51752,614835
Hyundai,2015,Petrol,Manual,Second Owner,Delhi,Verna,41031,391000
Hyundai,2016,Petrol,Manual,First Owner,Delhi,i10,59387,415500
Maruti,2015,Petrol,AUTOMATIC,First Owner,Delhi,Celerio,64764,358500
Maruti,2018,Petrol,Manual,First Owner,Delhi,Swift Dzire,19172,608000
Maruti,2018,Petrol,Manual,First Owner,Delhi,Ignis,38694,579000
Ford,2015,Diesel,Manual,First Owner,Delhi,EcoSport,59092,390000
Volkswagen,2016,Petrol,AUTOMATIC,First Owner,Delhi,Polo,70992,554000
Maruti,2019,Petrol,Manual,First Owner,Delhi,Swift,38456,513500
Hyundai,2011,Petrol,Manual,First Owner,Delhi,i10,87964,219264
Hyundai,2017,Petrol,Manual,First Owner,Delhi,i20,40486,562140
Maruti,2014,Diesel,Manual,First Owner,Delhi,Swift Dzire,77585,290328
Hyundai,2013,Petrol,Manual,Second Owner,Delhi,i10,48727,334000
Hyundai,2012,Diesel,AUTOMATIC,Second Owner,Delhi,Santa Fe,118874,572500
Maruti,2018,Petrol,Manual,First Owner,Delhi,swift,15996,494500
Hyundai,2015,Petrol,Manual,First Owner,Delhi,i20,65546,424000
Maruti,2016,Diesel,Manual,First Owner,Delhi,Brezza,85937,630500
Maruti,2012,Diesel,Manual,First Owner,Delhi,Swift,65437,289500
Maruti,2015,Petrol,Manual,First Owner,Delhi,Ritz,8566,357500
Volkswagen,2013,Diesel,Manual,First Owner,Delhi,Vento,86764,337500
Volkswagen,2014,Petrol,AUTOMATIC,Second Owner,Delhi,Polo,53019,477500
Maruti,2017,Petrol,Manual,First Owner,Delhi,Ciaz,26793,680000
Maruti,2016,Diesel,Manual,First Owner,Delhi,Brezza,95655,635500
Maruti,2013,Petrol,Manual,First Owner,Delhi,Wagon R,61825,298000
Hyundai,2015,Diesel,Manual,First Owner,Delhi,i20,117327,494500
Volkswagen,2012,Diesel,Manual,Second Owner,Delhi,Vento,75505,274500
Maruti,2017,Petrol,Manual,First Owner,Delhi,Baleno,42924,544500
Hyundai,2015,Diesel,Manual,First Owner,Delhi,i10,33619,614000
Honda,2015,Petrol,AUTOMATIC,First Owner,Delhi,City,96400,676500
Renault,2017,Petrol,Manual,First Owner,Delhi,KWID,46570,292920
Maruti,2019,Petrol,Manual,First Owner,Delhi,S-Presso,8552,400000
Renault,2018,Petrol,AUTOMATIC,First Owner,Delhi,KWID,10620,294500
Maruti,2019,Petrol,Manual,First Owner,Delhi,Alto,25903,317000
Maruti,2020,Petrol,AUTOMATIC,First Owner,Delhi,S-Presso,2293,469500
Maruti,2017,Diesel,Manual,First Owner,Delhi,Swift Dzire,66037,499500
Renault,2020,Petrol,Manual,First Owner,Delhi,KWID,8946,372000
Maruti,2016,Petrol,Manual,First Owner,Delhi,Swift,53525,411020
Hyundai,2019,Petrol,Manual,First Owner,Delhi,Venue,16860,950000
Maruti,2015,Petrol,Manual,First Owner,Delhi,Alto,21705,244212
Maruti,2012,Petrol,AUTOMATIC,Second Owner,Delhi,Swift Dzire,56773,344760
Maruti,2015,Petrol,Manual,First Owner,Delhi,Wagon R,62589,316000
Maruti,2020,Petrol,Manual,First Owner,Delhi,Alto,1067,383500
Maruti,2012,Petrol,Manual,First Owner,Delhi,Alto,27994,226608
Renault,2019,Petrol,Manual,First Owner,Delhi,KWID,29196,353994
Renault,2016,Petrol,Manual,First Owner,Delhi,KWID,32933,277746
Maruti,2018,Petrol,Manual,First Owner,Delhi,Alto,49645,297523
Maruti,2016,Petrol,Manual,First Owner,Delhi,Swift Dzire,35687,412500
Honda,2016,Petrol,Manual,First Owner,Delhi,City,55061,725600
Volkswagen,2010,Petrol,Manual,First Owner,kolkata,Passat,43000,470000
Maruti,2018,Petrol,AUTOMATIC,First Owner,kolkata,Celerio,11519,465000
Maruti,2016,Petrol,Manual,First Owner,kolkata,Alto,37282,285000
Hyundai,2015,Petrol,Manual,Second Owner,kolkata,i20,41000,445000
Toyota,2013,Petrol,Manual,Second Owner,kolkata,Etios,35500,225000
Hyundai,2016,Diesel,Manual,Second Owner,kolkata,i20,19000,525000
Honda,2012,Petrol,Manual,First Owner,kolkata,City,42285,375000
Hyundai,2013,Petrol,Manual,First Owner,kolkata,i10,19980,265000
Skoda,2012,Petrol,Manual,First Owner,kolkata,Fabia,29658,219000
BMW,2015,Diesel,AUTOMATIC,Second Owner,kolkata,5Series,34000,2350000
Honda,2016,Petrol,Manual,First Owner,kolkata,Jazz,37256,449000
Maruti,2011,Petrol,Manual,First Owner,kolkata,Alto,34256,179000
Renault,2015,Petrol,AUTOMATIC,First Owner,kolkata,Scala,43000,399000
Honda,2020,Petrol,Manual,First Owner,kolkata,WR-V,9000,849000
Volkswagen,2014,Diesel,Manual,First Owner,kolkata,Vento,44500,410000
Nissan,2014,Diesel,Manual,First Owner,kolkata,Micra,60000,300000
Volkswagen,2015,Diesel,Manual,First Owner,kolkata,Jetta,23000,900000
Ford,2018,Diesel,Manual,First Owner,kolkata,EcoSport,36000,825000
Maruti,2018,Petrol,Manual,First Owner,kolkata,Ertiga,35000,714000
Volkswagen,2011,Petrol,Manual,First Owner,kolkata,Polo,38256,279000
Toyota,2014,Petrol,Manual,First Owner,kolkata,Etios,42000,425000
Ford,2018,Diesel,Manual,First Owner,kolkata,EcoSport,36000,825000
Maruti,2018,Petrol,Manual,First Owner,kolkata,Ertiga,35000,714000
Volkswagen,2011,Petrol,Manual,First Owner,kolkata,Polo,38256,279000
Toyota,2019,Diesel,Manual,First Owner,kolkata,Innova,34000,1839000
Renault,2020,Petrol,Manual,First Owner,kolkata,KWID,16598,450000
Datsun,2017,Petrol,Manual,First Owner,kolkata,GO,8000,325000
Hyundai,2015,Petrol,Manual,Second Owner,kolkata,i20,41000,435000
Maruti,2013,Petrol,Manual,First Owner,kolkata,Wagon,42118,310000
Toyota,2014,Diesel,Manual,First Owner,kolkata,Etios,379000,379000
Nissan,2014,Diesel,Manual,First Owner,kolkata,Sunny,35268,349000
Renault,2014,Petrol,Manual,First Owner,kolkata,Scala,45000,350000
Maruti,2017,Diesel,Manual,First Owner,kolkata,SX4,35000,650000
Kia,2020,Petrol,Manual,Second Owner,kolkata,Sonet,7500,1170000
Maruti,2014,Petrol,Manual,First Owner,kolkata,Ertiga,35000,550000
Honda,2015,Diesel,Manual,First Owner,kolkata,Amaze,38532,420000
Maruti,2009,Petrol,Manual,First Owner,kolkata,Alto,42000,149000
Hyundai,2017,Petrol,Manual,First Owner,kolkata,Elantra,45000,895000
Maruti,2016,Diesel,Manual,First Owner,kolkata,Vitara,45000,599000
Ford,2012,Diesel,Manual,Second Owner,kolkata,Figo,30206,210000
Ford,2015,Diesel,Manual,First Owner,kolkata,EcoSport,36160,510000
Datsun,2018,Petrol,Manual,First Owner,kolkata,GO,9000,325000
Volkswagen,2015,Diesel,AUTOMATIC,First Owner,kolkata,Vento,65000,470000
Datsun,2014,Petrol,Manual,First Owner,kolkata,GO,9000,295000
Honda,2016,Diesel,Manual,First Owner,kolkata,Amaze,70070,450000
Mahindra,2019,Petrol,Manual,First Owner,kolkata,KUV100,44000,441000
Volkswagen,2016,Diesel,Manual,First Owner,kolkata,Polo,67000,350000
Renault,2015,Diesel,Manual,First Owner,kolkata,Duster,38000,475000
Maruti,2015,Diesel,Manual,First Owner,kolkata,Swift,45000,410000
Maruti,2013,Petrol,Manual,First Owner,kolkata,Swift,50000,350000
Honda,2016,Diesel,Manual,First Owner,kolkata,City,38000,658000
Honda,2008,Petrol,Manual,First Owner,kolkata,City,46261,210000
Hyundai,2010,Petrol,Manual,First Owner,kolkata,i10,46935,235000
Maruti,2009,Petrol,Manual,First Owner,kolkata,Swift,42000,189000
Maruti,2010,Petrol,Manual,First Owner,kolkata,Wagon,25350,199000
Maruti,2016,Petrol,Manual,First Owner,kolkata,Swift,23261,500000
Skoda,2018,Diesel,AUTOMATIC,First Owner,kolkata,Rapid,44000,749000
Nissan,2016,Petrol,AUTOMATIC,First Owner,kolkata,Sunny,30030,500000
Nissan,2011,Diesel,Manual,First Owner,kolkata,Micra,48055,265000
Maruti,2005,Petrol,Manual,First Owner,kolkata,Esteem,28000,125000
Volkswagen,2018,Petrol,Manual,First Owner,kolkata,Polo,36796,520000
Maruti,2006,Petrol,Manual,First Owner,kolkata,Alto,32000,85000
Maruti,2017,Diesel,Manual,First Owner,kolkata,Vitara,42154,640000
Maruti,2009,Petrol,Manual,First Owner,kolkata,Wagon,68000,175000
Toyota,2017,Diesel,Manual,First Owner,kolkata,Innova,60000,1550000
Hyundai,2017,Diesel,Manual,First Owner,kolkata,Creta,43000,855000
Maruti,2018,Diesel,Manual,First Owner,kolkata,Ciaz,11000,850000
Hyundai,2016,Petrol,Manual,First Owner,kolkata,i20,24800,575000
Maruti,2009,Petrol,Manual,First Owner,kolkata,Alto,14116,155000
BMW,2011,Petrol,AUTOMATIC,Second Owner,kolkata,5Series,43425,1149000
Mitsubishi,2015,Diesel,AUTOMATIC,First Owner,kolkata,Pajero,59000,1379000
BMW,2014,Diesel,AUTOMATIC,First Owner,kolkata,X1,46000,1385000
Honda,2015,Petrol,AUTOMATIC,First Owner,kolkata,City,28000,575000
Chevrolet,2013,Petrol,Manual,First Owner,kolkata,Enjoy,13000,350000
Honda,2016,Diesel,Manual,First Owner,kolkata,City,57000,550000
Maruti,2014,Petrol,Manual,First Owner,kolkata,Ertiga,35200,485000
Ford,2017,Petrol,Manual,First Owner,kolkata,EcoSport,30030,650000
Volkswagen,2016,Petrol,Manual,First Owner,kolkata,Polo,56960,455000
Hyundai,2017,Petrol,Manual,First Owner,kolkata,i20,35000,525000
Honda,2013,Diesel,Manual,First Owner,kolkata,Amaze,38000,319000
Hyundai,2010,Petrol,Manual,First Owner,kolkata,i10,32180,200000
Hyundai,2017,Petrol,Manual,First Owner,kolkata,i20,34000,525000
Maruti,2018,Petrol,Manual,First Owner,kolkata,Alto,28175,285000
Hyundai,2015,Diesel,Manual,Second Owner,kolkata,i20,25225,525000
Volkswagen,2014,Diesel,Manual,First Owner,kolkata,Vento,44000,425000
Toyota,2014,Petrol,Manual,First Owner,kolkata,Corolla,55000,685000
BMW,2008,Petrol,AUTOMATIC,First Owner,kolkata,5Series,31400,950000
Mahindra,2013,Diesel,Manual,First Owner,kolkata,Scorpio,64176,649000
Renault,2013,Diesel,Manual,First Owner,kolkata,Duster,69000,350000
Maruti,2010,Petrol,Manual,First Owner,kolkata,Zen,50000,160000
Maruti,2013,Diesel,Manual,First Owner,kolkata,Swift,48304,425000
Honda,2015,Diesel,Manual,First Owner,kolkata,Amaze,32000,425000
Honda,2011,Petrol,AUTOMATIC,First Owner,kolkata,City,49000,355000
Chevrolet,2007,Petrol,Manual,First Owner,kolkata,Aveo,39568,199000
Honda,2019,Petrol,AUTOMATIC,First Owner,kolkata,Amaze,3000,750000
Mahindra,2015,Diesel,Manual,First Owner,kolkata,Bolero,139139,475000
Maruti,2016,Diesel,Manual,First Owner,kolkata,Swift,130130,395000
Toyota,2016,Diesel,Manual,First Owner,kolkata,Innova,35000,1675000
Honda,2015,Petrol,Manual,First Owner,kolkata,City,34295,565000
Volkswagen,2016,Petrol,Manual,First Owner,kolkata,Ameo,32000,475000
