,Brand,model,variant,year,fuel,transmission,km driven,No of owners,location,price
0,2018 Maruti Swift Dzire,2018 Maruti Swift Dzire,2018 Maruti Swift Dzire,2017,Petrol,Manual,"38,463 Kms",1st Owner,hyderabad,"₹ 6,33,500"
1,2017 Maruti Ignis,2017 Maruti Ignis,2017 Maruti Ignis,2017,Petrol,Manual,"19,957 Kms",1st Owner,hyderabad,"₹ 5,73,500"
2,2019 Maruti Vitara Brezza,2019 Maruti Vitara Brezza,2019 Maruti Vitara Brezza,2018,Diesel,Automatic,"21,109 Kms",1st Owner,hyderabad,"₹ 8,63,500"
3,2015 Maruti Swift,2015 Maruti Swift,2015 Maruti Swift,2015,Petrol,Manual,"66,487 Kms",1st Owner,hyderabad,"₹ 4,45,500"
4,2017 Honda Jazz,2017 Honda Jazz,2017 Honda Jazz,2015,Petrol,Manual,"38,339 Kms",2nd Owner,hyderabad,"₹ 5,65,500"
5,2019 Maruti Swift,2019 Maruti Swift,2019 Maruti Swift,2019,Petrol,Manual,"22,988 Kms",1st Owner,hyderabad,"₹ 6,16,000"
6,2018 Maruti Ciaz,2018 Maruti Ciaz,2018 Maruti Ciaz,2017,Petrol,Manual,"15,018 Kms",1st Owner,hyderabad,"₹ 7,03,000"
7,2018 Maruti Swift Dzire,2018 Maruti Swift Dzire,2018 Maruti Swift Dzire,2017,Petrol,Manual,"53,411 Kms",1st Owner,hyderabad,"₹ 6,37,500"
8,2017 Hyundai i20,2017 Hyundai i20,2017 Hyundai i20,2017,Diesel,Manual,"40,899 Kms",1st Owner,hyderabad,"₹ 6,08,500"
9,2015 Honda Amaze,2015 Honda Amaze,2015 Honda Amaze,2014,Diesel,Manual,"104,292 Kms",1st Owner,hyderabad,"₹ 4,70,500"
10,2019 Maruti Swift,2019 Maruti Swift,2019 Maruti Swift,2019,Petrol,Automatic,"18,564 Kms",1st Owner,hyderabad,"₹ 6,47,000"
11,2018 Maruti Celerio,2018 Maruti Celerio,2018 Maruti Celerio,2018,Petrol,Automatic,"14,610 Kms",1st Owner,hyderabad,"₹ 5,40,000"
12,2017 Hyundai Grand i10,2017 Hyundai Grand i10,2017 Hyundai Grand i10,2017,Petrol,Manual,"25,760 Kms",1st Owner,hyderabad,"₹ 5,88,000"
13,2019 Maruti Ignis,2019 Maruti Ignis,2019 Maruti Ignis,2019,Petrol,Manual,"13,922 Kms",1st Owner,hyderabad,"₹ 5,67,000"
14,-,-,-,-,-,-,-,-,hyderabad,-
15,-,-,-,-,-,-,-,-,hyderabad,-
16,-,-,-,-,-,-,-,-,hyderabad,-
17,-,-,-,-,-,-,-,-,hyderabad,-
18,-,-,-,-,-,-,-,-,hyderabad,-
19,2019 Hyundai Grand i10,2019 Hyundai Grand i10,2019 Hyundai Grand i10,2018,Diesel,Manual,"32,229 Kms",1st Owner,hyderabad,"₹ 5,89,160"
20,2017 Maruti Vitara Brezza,2017 Maruti Vitara Brezza,2017 Maruti Vitara Brezza,2016,Diesel,Manual,"42,855 Kms",1st Owner,hyderabad,"₹ 7,88,000"
21,2016 Hyundai Verna,2016 Hyundai Verna,2016 Hyundai Verna,2016,Petrol,Manual,"74,830 Kms",1st Owner,hyderabad,"₹ 6,37,000"
22,2018 Maruti Swift,2018 Maruti Swift,2018 Maruti Swift,2018,Petrol,Automatic,"45,536 Kms",1st Owner,hyderabad,"₹ 6,45,000"
23,2018 Maruti Baleno,2018 Maruti Baleno,2018 Maruti Baleno,2018,Petrol,Manual,"10,989 Kms",1st Owner,hyderabad,"₹ 6,28,500"
24,2015 Renault Duster,2015 Renault Duster,2015 Renault Duster,2015,Diesel,Manual,"77,769 Kms",1st Owner,hyderabad,"₹ 5,53,500"
25,2016 Toyota Innova Crysta,2016 Toyota Innova Crysta,2016 Toyota Innova Crysta,2016,Diesel,Manual,"82,213 Kms",1st Owner,hyderabad,"₹ 13,37,000"
26,2016 Maruti Alto 800,2016 Maruti Alto 800,2016 Maruti Alto 800,2016,Petrol,Manual,"66,564 Kms",1st Owner,hyderabad,"₹ 2,78,000"
27,2019 Hyundai Grand i10,2019 Hyundai Grand i10,2019 Hyundai Grand i10,2018,Petrol,Manual,"33,580 Kms",1st Owner,hyderabad,"₹ 6,11,444"
28,2017 Honda Jazz,2017 Honda Jazz,2017 Honda Jazz,2017,Petrol,Automatic,"17,784 Kms",1st Owner,hyderabad,"₹ 7,30,387"
29,2018 Maruti Alto 800,2018 Maruti Alto 800,2018 Maruti Alto 800,2018,Petrol,Manual,"16,327 Kms",1st Owner,hyderabad,"₹ 3,34,500"
30,2018 Maruti Alto 800,2018 Maruti Alto 800,2018 Maruti Alto 800,2018,Petrol,Manual,"14,675 Kms",1st Owner,hyderabad,"₹ 3,52,500"
31,2018 Maruti Ignis,2018 Maruti Ignis,2018 Maruti Ignis,2018,Petrol,Manual,"25,097 Kms",1st Owner,hyderabad,"₹ 4,79,000"
32,2017 Hyundai Grand i10,2017 Hyundai Grand i10,2017 Hyundai Grand i10,2016,Petrol,Manual,"50,416 Kms",1st Owner,hyderabad,"₹ 5,74,500"
33,2016 Maruti Alto 800,2016 Maruti Alto 800,2016 Maruti Alto 800,2015,Petrol,Manual,"71,553 Kms",1st Owner,hyderabad,"₹ 2,95,000"
34,2018 Hyundai Grand i10,2018 Hyundai Grand i10,2018 Hyundai Grand i10,2018,Petrol,Manual,"13,732 Kms",1st Owner,hyderabad,"₹ 5,54,312"
35,2017 Hyundai Grand i10,2017 Hyundai Grand i10,2017 Hyundai Grand i10,2017,Diesel,Manual,500 Kms,1st Owner,hyderabad,"₹ 6,10,202"
36,2016 Maruti Alto 800,2016 Maruti Alto 800,2016 Maruti Alto 800,2016,Petrol,Manual,"17,160 Kms",1st Owner,hyderabad,"₹ 3,53,500"
37,2019 Hyundai Grand i10,2019 Hyundai Grand i10,2019 Hyundai Grand i10,2019,Petrol,Manual,"12,757 Kms",1st Owner,hyderabad,"₹ 5,50,000"
38,2016 Honda Jazz,2016 Honda Jazz,2016 Honda Jazz,2016,Petrol,Manual,"29,526 Kms",1st Owner,hyderabad,"₹ 5,68,500"
39,2018 Hyundai i20,2018 Hyundai i20,2018 Hyundai i20,2018,Petrol,Manual,"11,707 Kms",1st Owner,hyderabad,"₹ 7,12,000"
40,2019 Hyundai i20,2019 Hyundai i20,2019 Hyundai i20,2019,Petrol,Manual,"22,287 Kms",1st Owner,hyderabad,"₹ 6,92,500"
41,2019 Hyundai Grand i10,2019 Hyundai Grand i10,2019 Hyundai Grand i10,2019,Petrol,Manual,"4,941 Kms",1st Owner,hyderabad,"₹ 6,16,500"
42,2017 Hyundai Grand i10,2017 Hyundai Grand i10,2017 Hyundai Grand i10,2016,Petrol,Manual,"64,796 Kms",1st Owner,hyderabad,"₹ 4,64,500"
43,2017 Hyundai Grand i10,2017 Hyundai Grand i10,2017 Hyundai Grand i10,2016,Petrol,Manual,"36,231 Kms",1st Owner,hyderabad,"₹ 5,12,500"
44,2019 Maruti Alto 800,2019 Maruti Alto 800,2019 Maruti Alto 800,2019,Petrol,Manual,"30,392 Kms",1st Owner,hyderabad,"₹ 3,49,500"
45,2017 Maruti Ignis,2017 Maruti Ignis,2017 Maruti Ignis,2017,Diesel,Manual,"68,201 Kms",1st Owner,hyderabad,"₹ 5,66,000"
46,2018 Ford Figo Aspire,2018 Ford Figo Aspire,2018 Ford Figo Aspire,2017,Diesel,Manual,"60,956 Kms",1st Owner,hyderabad,"₹ 6,22,203"
47,2015 Hyundai Grand i10,2015 Hyundai Grand i10,2015 Hyundai Grand i10,2015,Diesel,Manual,"50,885 Kms",1st Owner,hyderabad,"₹ 4,61,500"
48,2015 Hyundai Grand i10,2015 Hyundai Grand i10,2015 Hyundai Grand i10,2015,Petrol,Manual,"14,720 Kms",1st Owner,hyderabad,"₹ 4,87,000"
49,2015 Hyundai Grand i10,2015 Hyundai Grand i10,2015 Hyundai Grand i10,2015,Petrol,Manual,"43,259 Kms",1st Owner,hyderabad,"₹ 4,51,500"
50,2015 Hyundai Grand i10,2015 Hyundai Grand i10,2015 Hyundai Grand i10,2015,Petrol,Manual,"37,272 Kms",2nd Owner,hyderabad,"₹ 4,77,500"
51,2018 Volkswagen Polo,2018 Volkswagen Polo,2018 Volkswagen Polo,2017,Diesel,Manual,500 Kms,1st Owner,hyderabad,"₹ 6,97,000"
52,2019 Volkswagen Polo,2019 Volkswagen Polo,2019 Volkswagen Polo,2019,Petrol,Manual,"24,556 Kms",1st Owner,hyderabad,"₹ 6,10,500"
53,2019 Hyundai i20,2019 Hyundai i20,2019 Hyundai i20,2019,Petrol,Manual,"33,894 Kms",1st Owner,hyderabad,"₹ 6,91,364"
54,2017 Hyundai Grand i10,2017 Hyundai Grand i10,2017 Hyundai Grand i10,2017,CNG,Manual,"28,228 Kms",1st Owner,hyderabad,"₹ 5,51,327"
55,2019 Hyundai Grand i10,2019 Hyundai Grand i10,2019 Hyundai Grand i10,2019,Petrol,Manual,"13,823 Kms",1st Owner,hyderabad,"₹ 5,31,000"
56,2016 Maruti Ritz,2016 Maruti Ritz,2016 Maruti Ritz,2016,Diesel,Manual,"73,854 Kms",2nd Owner,hyderabad,"₹ 3,47,500"
57,2019 Maruti Celerio,2019 Maruti Celerio,2019 Maruti Celerio,2018,Petrol,Automatic,"8,331 Kms",1st Owner,hyderabad,"₹ 5,62,000"
58,2020 Maruti Celerio,2020 Maruti Celerio,2020 Maruti Celerio,2019,Petrol,Manual,"22,997 Kms",1st Owner,hyderabad,"₹ 5,32,000"
59,2019 Maruti Celerio,2019 Maruti Celerio,2019 Maruti Celerio,2019,Petrol,Automatic,"3,478 Kms",1st Owner,hyderabad,"₹ 5,80,000"
60,2019 Hyundai i20,2019 Hyundai i20,2019 Hyundai i20,2019,Petrol,Manual,"38,197 Kms",1st Owner,hyderabad,"₹ 6,91,000"
61,2019 Maruti Celerio,2019 Maruti Celerio,2019 Maruti Celerio,2019,Petrol,Manual,"75,925 Kms",1st Owner,hyderabad,"₹ 4,65,500"
62,2019 Hyundai Santro,2019 Hyundai Santro,2019 Hyundai Santro,2019,Petrol,Manual,"29,892 Kms",2nd Owner,hyderabad,"₹ 5,44,000"
63,2020 Hyundai Grand i10,2020 Hyundai Grand i10,2020 Hyundai Grand i10,2019,Petrol,Manual,"14,369 Kms",1st Owner,hyderabad,"₹ 6,99,500"
64,2017 Hyundai Grand i10,2017 Hyundai Grand i10,2017 Hyundai Grand i10,2017,Petrol,Manual,"8,662 Kms",1st Owner,hyderabad,"₹ 5,42,000"
65,2015 Volkswagen Polo,2015 Volkswagen Polo,2015 Volkswagen Polo,2015,Diesel,Manual,"98,265 Kms",2nd Owner,hyderabad,"₹ 5,57,000"
66,2016 Maruti Swift,2016 Maruti Swift,2016 Maruti Swift,2015,Diesel,Manual,"36,878 Kms",1st Owner,hyderabad,"₹ 5,64,000"
67,2013 Maruti Ritz,2013 Maruti Ritz,2013 Maruti Ritz,2013,Diesel,AP36,"84,203 Kms",1st Owner,hyderabad,"₹ 3,96,000"
68,2018 Hyundai i20 Active,2018 Hyundai i20 Active,2018 Hyundai i20 Active,2018,Diesel,Manual,"74,031 Kms",1st Owner,hyderabad,"₹ 7,57,000"
69,2016 Volkswagen Polo,2016 Volkswagen Polo,2016 Volkswagen Polo,2015,Diesel,Manual,"99,555 Kms",1st Owner,hyderabad,"₹ 5,58,000"
70,2020 Hyundai Grand i10,2020 Hyundai Grand i10,2020 Hyundai Grand i10,2019,Petrol,Manual,"16,579 Kms",1st Owner,hyderabad,"₹ 6,00,500"
71,2016 Ford Figo Aspire,2016 Ford Figo Aspire,2016 Ford Figo Aspire,2016,Petrol,Manual,"23,857 Kms",1st Owner,hyderabad,"₹ 4,83,500"
72,2020 Hyundai Santro,2020 Hyundai Santro,2020 Hyundai Santro,2019,Petrol,Manual,"13,767 Kms",1st Owner,hyderabad,"₹ 5,59,051"
73,2018 Maruti Celerio,2018 Maruti Celerio,2018 Maruti Celerio,2018,Petrol,Automatic,"17,335 Kms",1st Owner,hyderabad,"₹ 5,15,000"
74,2018 Maruti Baleno,2018 Maruti Baleno,2018 Maruti Baleno,2018,Petrol,Manual,"13,071 Kms",1st Owner,hyderabad,"₹ 6,93,000"
75,2015 Maruti Alto 800,2015 Maruti Alto 800,2015 Maruti Alto 800,2015,Petrol,Manual,"44,193 Kms",1st Owner,hyderabad,"₹ 2,80,000"
76,2017 Maruti Baleno,2017 Maruti Baleno,2017 Maruti Baleno,2017,Diesel,Manual,"33,579 Kms",1st Owner,hyderabad,"₹ 7,34,000"
77,2016 Maruti Baleno,2016 Maruti Baleno,2016 Maruti Baleno,2015,Petrol,Manual,"22,208 Kms",1st Owner,hyderabad,"₹ 5,97,500"
78,2017 Hyundai i20,2017 Hyundai i20,2017 Hyundai i20,2016,Petrol,Manual,"22,099 Kms",1st Owner,hyderabad,"₹ 5,56,000"
79,2015 Maruti Ritz,2015 Maruti Ritz,2015 Maruti Ritz,2015,Petrol,Manual,"36,556 Kms",1st Owner,hyderabad,"₹ 3,86,500"
80,2015 Maruti Swift,2015 Maruti Swift,2015 Maruti Swift,2015,Diesel,Manual,"108,254 Kms",2nd Owner,hyderabad,"₹ 4,84,500"
81,2020 Maruti Vitara Brezza,2020 Maruti Vitara Brezza,2020 Maruti Vitara Brezza,2020,Petrol,Manual,"8,405 Kms",1st Owner,hyderabad,"₹ 9,31,000"
82,2019 Maruti Swift,2019 Maruti Swift,2019 Maruti Swift,2018,Petrol,Automatic,"10,385 Kms",1st Owner,hyderabad,"₹ 6,98,185"
83,2018 Maruti Swift,2018 Maruti Swift,2018 Maruti Swift,2018,Diesel,Automatic,500 Kms,1st Owner,hyderabad,"₹ 6,76,000"
84,2020 Tata Altroz,2020 Tata Altroz,2020 Tata Altroz,2020,Petrol,Manual,"15,157 Kms",1st Owner,hyderabad,"₹ 6,07,500"
85,2019 Maruti Swift,2019 Maruti Swift,2019 Maruti Swift,2018,Petrol,Automatic,"13,083 Kms",1st Owner,hyderabad,"₹ 6,58,500"
86,2019 Maruti Omni,2019 Maruti Omni,2019 Maruti Omni,2018,Petrol,Manual,"3,071 Kms",1st Owner,hyderabad,"₹ 3,56,500"
87,2018 Maruti Celerio X,2018 Maruti Celerio X,2018 Maruti Celerio X,2018,Petrol,Automatic,"14,242 Kms",1st Owner,hyderabad,"₹ 5,35,500"
88,2019 Maruti Baleno,2019 Maruti Baleno,2019 Maruti Baleno,2018,Petrol,Manual,"8,482 Kms",1st Owner,hyderabad,"₹ 6,59,500"
89,2015 Maruti Swift,2015 Maruti Swift,2015 Maruti Swift,2015,Petrol,TS08,"34,782 Kms",1st Owner,hyderabad,"₹ 5,70,000"
90,2016 Hyundai i20,2016 Hyundai i20,2016 Hyundai i20,2016,Diesel,Manual,"85,071 Kms",1st Owner,hyderabad,"₹ 5,72,500"
91,2017 Maruti Swift,2017 Maruti Swift,2017 Maruti Swift,2016,Diesel,Manual,"36,568 Kms",1st Owner,hyderabad,"₹ 6,13,500"
92,2014 Maruti Swift,2014 Maruti Swift,2014 Maruti Swift,2014,Diesel,Manual,"82,432 Kms",1st Owner,hyderabad,"₹ 5,54,500"
93,2012 Skoda Rapid,2012 Skoda Rapid,2012 Skoda Rapid,2012,Diesel,Manual,"97,347 Kms",1st Owner,hyderabad,"₹ 3,46,500"
94,2015 Ford Ecosport,2015 Ford Ecosport,2015 Ford Ecosport,2014,Diesel,TS10,"131,906 Kms",1st Owner,hyderabad,"₹ 5,60,000"
95,2017 Maruti Swift,2017 Maruti Swift,2017 Maruti Swift,2017,Petrol,Manual,"15,641 Kms",1st Owner,hyderabad,"₹ 6,32,287"
96,2018 Maruti Swift,2018 Maruti Swift,2018 Maruti Swift,2018,Petrol,Automatic,"17,754 Kms",1st Owner,hyderabad,"₹ 7,11,500"
97,2017 Hyundai i20,2017 Hyundai i20,2017 Hyundai i20,2017,Petrol,Manual,"41,323 Kms",1st Owner,hyderabad,"₹ 6,82,000"
98,2018 Maruti Baleno,2018 Maruti Baleno,2018 Maruti Baleno,2017,Petrol,Manual,"12,144 Kms",1st Owner,hyderabad,"₹ 6,39,000"
99,2012 Maruti Swift,2012 Maruti Swift,2012 Maruti Swift,2012,Diesel,Manual,"58,523 Kms",1st Owner,hyderabad,"₹ 4,32,500"
100,2016 Maruti Swift,2016 Maruti Swift,2016 Maruti Swift,2015,Petrol,Manual,"31,278 Kms",1st Owner,hyderabad,"₹ 5,35,980"
101,2015 Hyundai i20,2015 Hyundai i20,2015 Hyundai i20,2014,Diesel,Manual,"70,332 Kms",1st Owner,hyderabad,"₹ 5,69,000"
102,2018 Maruti Swift,2018 Maruti Swift,2018 Maruti Swift,2018,Petrol,TS08,"15,822 Kms",1st Owner,hyderabad,"₹ 5,87,000"
103,2016 Maruti Celerio,2016 Maruti Celerio,2016 Maruti Celerio,2015,Petrol,Automatic,"21,740 Kms",2nd Owner,hyderabad,"₹ 4,02,500"
104,2015 Maruti Swift Dzire,2015 Maruti Swift Dzire,2015 Maruti Swift Dzire,2015,Petrol,Manual,"44,471 Kms",1st Owner,hyderabad,"₹ 5,58,250"
105,2019 Maruti Swift Dzire,2019 Maruti Swift Dzire,2019 Maruti Swift Dzire,2018,Diesel,Automatic,"16,906 Kms",1st Owner,hyderabad,"₹ 7,80,000"
106,2011 Hyundai i10,2011 Hyundai i10,2011 Hyundai i10,2011,Petrol,Manual,"40,416 Kms",1st Owner,hyderabad,"₹ 3,10,000"
107,2019 Ford Ecosport,2019 Ford Ecosport,2019 Ford Ecosport,2019,Diesel,Manual,"6,865 Kms",1st Owner,hyderabad,"₹ 10,51,000"
108,2018 Maruti Swift,2018 Maruti Swift,2018 Maruti Swift,2017,Diesel,Manual,"46,396 Kms",1st Owner,hyderabad,"₹ 6,42,500"
109,2014 Skoda Rapid,2014 Skoda Rapid,2014 Skoda Rapid,2014,Diesel,Automatic,"98,748 Kms",1st Owner,hyderabad,"₹ 5,14,708"
110,2016 Hyundai i10,2016 Hyundai i10,2016 Hyundai i10,2015,Petrol,Manual,500 Kms,1st Owner,hyderabad,"₹ 4,03,000"
111,2016 Maruti Omni,2016 Maruti Omni,2016 Maruti Omni,2015,Petrol,Manual,"29,156 Kms",1st Owner,hyderabad,"₹ 2,22,000"
112,2015 Maruti Swift Dzire,2015 Maruti Swift Dzire,2015 Maruti Swift Dzire,2014,Diesel,Manual,"38,953 Kms",2nd Owner,hyderabad,"₹ 5,62,000"
113,2013 Maruti Swift Dzire,2013 Maruti Swift Dzire,2013 Maruti Swift Dzire,2012,Diesel,Manual,"94,449 Kms",1st Owner,hyderabad,"₹ 4,76,500"
114,2018 Maruti Baleno,2018 Maruti Baleno,2018 Maruti Baleno,2018,Petrol,Manual,"16,828 Kms",1st Owner,hyderabad,"₹ 5,37,000"
115,2012 Hyundai i10,2012 Hyundai i10,2012 Hyundai i10,2012,Petrol,Manual,"43,683 Kms",1st Owner,hyderabad,"₹ 3,15,000"
116,2015 Honda Amaze,2015 Honda Amaze,2015 Honda Amaze,2015,Petrol,Manual,"26,037 Kms",1st Owner,hyderabad,"₹ 4,56,500"
117,2014 Maruti Alto K10,2014 Maruti Alto K10,2014 Maruti Alto K10,2013,Petrol,AP23,"31,583 Kms",1st Owner,hyderabad,"₹ 2,67,132"
118,2019 Maruti Ciaz,2019 Maruti Ciaz,2019 Maruti Ciaz,2018,Diesel,Manual,"55,829 Kms",1st Owner,hyderabad,"₹ 8,86,000"
119,2020 Maruti Vitara Brezza,2020 Maruti Vitara Brezza,2020 Maruti Vitara Brezza,2020,Petrol,Manual,"8,484 Kms",1st Owner,hyderabad,"₹ 8,91,000"
120,2016 Maruti Ciaz,2016 Maruti Ciaz,2016 Maruti Ciaz,2016,Diesel,Manual,"113,845 Kms",1st Owner,hyderabad,"₹ 5,87,500"
121,2018 Renault KWID,2018 Renault KWID,2018 Renault KWID,2017,Petrol,Automatic,"50,470 Kms",2nd Owner,hyderabad,"₹ 3,68,000"
122,2016 Renault KWID,2016 Renault KWID,2016 Renault KWID,2016,Petrol,Manual,"24,249 Kms",1st Owner,hyderabad,"₹ 3,41,984"
123,2020 Kia Seltos,2020 Kia Seltos,2020 Kia Seltos,2020,Petrol,Manual,"11,985 Kms",1st Owner,hyderabad,"₹ 13,42,000"
124,2012 Hyundai Verna,2012 Hyundai Verna,2012 Hyundai Verna,2012,Diesel,Manual,"77,344 Kms",1st Owner,hyderabad,"₹ 4,06,500"
125,2010 Honda City,2010 Honda City,2010 Honda City,2009,Petrol,Manual,"123,678 Kms",3rd Owner,hyderabad,"₹ 3,12,000"
126,2014 Renault Duster,2014 Renault Duster,2014 Renault Duster,2014,Diesel,Manual,"114,479 Kms",1st Owner,hyderabad,"₹ 5,07,500"
127,2016 Honda City,2016 Honda City,2016 Honda City,2016,Diesel,Manual,"69,731 Kms",1st Owner,hyderabad,"₹ 7,66,000"
128,2017 Renault KWID,2017 Renault KWID,2017 Renault KWID,2017,Petrol,Manual,"30,499 Kms",2nd Owner,hyderabad,"₹ 3,14,000"
129,2015 Volkswagen Vento,2015 Volkswagen Vento,2015 Volkswagen Vento,2014,Petrol,Manual,"107,925 Kms",1st Owner,hyderabad,"₹ 4,62,500"
130,2017 Maruti Wagon R,2017 Maruti Wagon R,2017 Maruti Wagon R,2017,Petrol,Automatic,"42,962 Kms",1st Owner,hyderabad,"₹ 4,45,000"
131,2020 Hyundai i20,2020 Hyundai i20,2020 Hyundai i20,2020,Petrol,Manual,"4,815 Kms",1st Owner,hyderabad,"₹ 9,31,000"
132,2013 Hyundai i10,2013 Hyundai i10,2013 Hyundai i10,2012,Petrol,Manual,"39,278 Kms",1st Owner,hyderabad,"₹ 3,55,500"
133,2019 Hyundai Grand i10,2019 Hyundai Grand i10,2019 Hyundai Grand i10,2019,Petrol,TS08,"75,883 Kms",1st Owner,hyderabad,"₹ 6,29,500"
134,2015 Maruti Alto K10,2015 Maruti Alto K10,2015 Maruti Alto K10,2014,Petrol,Manual,"34,842 Kms",1st Owner,hyderabad,"₹ 3,46,000"
135,2016 Hyundai i10,2016 Hyundai i10,2016 Hyundai i10,2015,Petrol,Manual,"35,758 Kms",1st Owner,hyderabad,"₹ 4,28,500"
136,-,-,-,-,-,-,-,-,hyderabad,-
137,-,-,-,-,-,-,-,-,hyderabad,-
138,-,-,-,-,-,-,-,-,hyderabad,-
