,Brand,model,variant,year,fuel,transmission,km driven,No of owners,location,price
0,2010Volkswagen Passat 1.8 TSI MT,2010Volkswagen Passat 1.8 TSI MT,2010Volkswagen Passat 1.8 TSI MT,2010,Petrol,Manual,"43,000 kms",First Owner,kolkata,4.7 Lakh*
1,2018Maruti Celerio VXI AMT BSIV,2018Maruti Celerio VXI AMT BSIV,2018Maruti Celerio VXI AMT BSIV,2018,Petrol,Automatic,"11,519 kms",First Owner,kolkata,4.65 Lakh*
2,2016Maruti Alto K10 VXI,2016Maruti Alto K10 VXI,2016Maruti Alto K10 VXI,2016,Petrol,Manual,"37,282 kms",First Owner,kolkata,2.85 Lakh*
3,2015Hyundai i20 Magna 1.2,2015Hyundai i20 Magna 1.2,2015Hyundai i20 Magna 1.2,2015,Petrol,Manual,"41,000 kms",Second Owner,kolkata,4.45 Lakh*
4,2013Toyota Etios G,2013Toyota Etios G,2013Toyota Etios G,2013,Petrol,Manual,"35,500 kms",Second Owner,kolkata,2.25 Lakh*
5,2016Hyundai i20 Sportz 1.4 CRDi,2016Hyundai i20 Sportz 1.4 CRDi,2016Hyundai i20 Sportz 1.4 CRDi,2016,Diesel,Manual,"19,000 kms",Second Owner,kolkata,5.25 Lakh*
6,2012Honda City S,2012Honda City S,2012Honda City S,2012,Petrol,Manual,"42,285 kms",First Owner,kolkata,3.75 Lakh*
7,2013Hyundai i10 Era,2013Hyundai i10 Era,2013Hyundai i10 Era,2013,Petrol,Manual,"19,980 kms",First Owner,kolkata,2.65 Lakh*
8,2012Skoda Fabia 1.2 Petrol Active,2012Skoda Fabia 1.2 Petrol Active,2012Skoda Fabia 1.2 Petrol Active,2012,Petrol,Manual,"29,658 kms",First Owner,kolkata,2.19 Lakh*
9,2015BMW 5 Series 520d Luxury Line,2015BMW 5 Series 520d Luxury Line,2015BMW 5 Series 520d Luxury Line,2015,Diesel,Automatic,"34,000 kms",Second Owner,kolkata,23.5 Lakh*
10,2016Honda Jazz 1.2 V i VTEC,2016Honda Jazz 1.2 V i VTEC,2016Honda Jazz 1.2 V i VTEC,2016,Petrol,Manual,"37,256 kms",First Owner,kolkata,4.49 Lakh*
11,2011Maruti Alto K10 LXI,2011Maruti Alto K10 LXI,2011Maruti Alto K10 LXI,2011,Petrol,Manual,"34,256 kms",First Owner,kolkata,1.79 Lakh*
12,2015Renault Scala RxL AT,2015Renault Scala RxL AT,2015Renault Scala RxL AT,2015,Petrol,Automatic,"43,000 kms",First Owner,kolkata,3.99 Lakh*
13,2020Honda WR-V VX,2020Honda WR-V VX,2020Honda WR-V VX,2020,Petrol,Manual,"9,000 kms",First Owner,kolkata,8.49 Lakh*
14,2014Volkswagen Vento 1.5 TDI Highline,2014Volkswagen Vento 1.5 TDI Highline,2014Volkswagen Vento 1.5 TDI Highline,2014,Diesel,Manual,"44,500 kms",First Owner,kolkata,4.1 Lakh*
15,2014Nissan Micra Diesel XV Premium,2014Nissan Micra Diesel XV Premium,2014Nissan Micra Diesel XV Premium,2014,Diesel,Manual,"60,000 kms",First Owner,kolkata,3 Lakh*
16,2015Volkswagen Jetta 2.0L TDI Highline,2015Volkswagen Jetta 2.0L TDI Highline,2015Volkswagen Jetta 2.0L TDI Highline,2015,Diesel,Manual,"23,000 kms",First Owner,kolkata,9 Lakh*
17,2018Ford EcoSport 1.5 Diesel Titanium BSIV,2018Ford EcoSport 1.5 Diesel Titanium BSIV,2018Ford EcoSport 1.5 Diesel Titanium BSIV,2018,Diesel,Manual,"36,000 kms",First Owner,kolkata,8.25 Lakh*
18,2018Maruti Ertiga VXI Petrol,2018Maruti Ertiga VXI Petrol,2018Maruti Ertiga VXI Petrol,2018,Petrol,Manual,"35,000 kms",First Owner,kolkata,7.14 Lakh*
19,2011Volkswagen Polo Petrol Comfortline 1.2L,2011Volkswagen Polo Petrol Comfortline 1.2L,2011Volkswagen Polo Petrol Comfortline 1.2L,2011,Petrol,Manual,"38,256 kms",First Owner,kolkata,2.79 Lakh*
20,2014Toyota Etios Cross 1.2L G,2014Toyota Etios Cross 1.2L G,2014Toyota Etios Cross 1.2L G,2014,Petrol,Manual,"42,000 kms",First Owner,kolkata,4.25 Lakh*
21,2018Ford EcoSport 1.5 Diesel Titanium BSIV,2018Ford EcoSport 1.5 Diesel Titanium BSIV,2018Ford EcoSport 1.5 Diesel Titanium BSIV,2018,Diesel,Manual,"36,000 kms",First Owner,kolkata,8.25 Lakh*
22,2018Maruti Ertiga VXI Petrol,2018Maruti Ertiga VXI Petrol,2018Maruti Ertiga VXI Petrol,2018,Petrol,Manual,"35,000 kms",First Owner,kolkata,7.14 Lakh*
23,2011Volkswagen Polo Petrol Comfortline 1.2L,2011Volkswagen Polo Petrol Comfortline 1.2L,2011Volkswagen Polo Petrol Comfortline 1.2L,2011,Petrol,Manual,"38,256 kms",First Owner,kolkata,2.79 Lakh*
24,2019Toyota Innova Crysta 2016-2020 2.4 VX MT BSIV,2019Toyota Innova Crysta 2016-2020 2.4 VX MT BSIV,2019Toyota Innova Crysta 2016-2020 2.4 VX MT BSIV,2019,Diesel,Manual,"34,000 kms",First Owner,kolkata,18.39 Lakh*
25,2020Renault KWID 1.0 RXT Opt BSIV,2020Renault KWID 1.0 RXT Opt BSIV,2020Renault KWID 1.0 RXT Opt BSIV,2020,Petrol,Manual,"16,598 kms",First Owner,kolkata,4.5 Lakh*
26,2017Datsun GO Plus T BSIV,2017Datsun GO Plus T BSIV,2017Datsun GO Plus T BSIV,2017,Petrol,Manual,"8,000 kms",First Owner,kolkata,3.25 Lakh*
27,2015Hyundai i20 Magna 1.2,2015Hyundai i20 Magna 1.2,2015Hyundai i20 Magna 1.2,2015,Petrol,Manual,"41,000 kms",Second Owner,kolkata,4.35 Lakh*
28,2013Maruti Wagon R VXI,2013Maruti Wagon R VXI,2013Maruti Wagon R VXI,2013,Petrol,Manual,"42,118 kms",First Owner,kolkata,3.1 Lakh*
29,2014Toyota Etios GD,2014Toyota Etios GD,2014Toyota Etios GD,2014,Diesel,Manual,"3,79,000 kms",First Owner,kolkata,3.79 Lakh*
30,2014Nissan Sunny Diesel XV,2014Nissan Sunny Diesel XV,2014Nissan Sunny Diesel XV,2014,Diesel,Manual,"35,268 kms",First Owner,kolkata,3.49 Lakh*
31,2014Renault Scala RxE,2014Renault Scala RxE,2014Renault Scala RxE,2014,Petrol,Manual,"45,000 kms",First Owner,kolkata,3.5 Lakh*
32,2017Maruti SX4 S Cross DDiS 200 Zeta,2017Maruti SX4 S Cross DDiS 200 Zeta,2017Maruti SX4 S Cross DDiS 200 Zeta,2017,Diesel,Manual,"35,000 kms",First Owner,kolkata,6.5 Lakh*
33,2020Kia Sonet GTX Plus Turbo iMT,2020Kia Sonet GTX Plus Turbo iMT,2020Kia Sonet GTX Plus Turbo iMT,2020,Petrol,Manual,"7,500 kms",Second Owner,kolkata,11.7 Lakh*
34,2014Maruti Ertiga VXI,2014Maruti Ertiga VXI,2014Maruti Ertiga VXI,2014,Petrol,Manual,"35,000 kms",First Owner,kolkata,5.5 Lakh*
35,2015Honda Amaze S i-Dtech,2015Honda Amaze S i-Dtech,2015Honda Amaze S i-Dtech,2015,Diesel,Manual,"38,532 kms",First Owner,kolkata,4.2 Lakh*
36,2009Maruti A Star Vxi,2009Maruti A Star Vxi,2009Maruti A Star Vxi,2009,Petrol,Manual,"42,000 kms",First Owner,kolkata,1.49 Lakh*
37,2017Hyundai Elantra 2.0 SX,2017Hyundai Elantra 2.0 SX,2017Hyundai Elantra 2.0 SX,2017,Petrol,Manual,"45,000 kms",First Owner,kolkata,8.95 Lakh*
38,2016Maruti Vitara Brezza VDi Option,2016Maruti Vitara Brezza VDi Option,2016Maruti Vitara Brezza VDi Option,2016,Diesel,Manual,"45,000 kms",First Owner,kolkata,5.99 Lakh*
39,2012Ford Figo Diesel Titanium,2012Ford Figo Diesel Titanium,2012Ford Figo Diesel Titanium,2012,Diesel,Manual,"30,206 kms",Second Owner,kolkata,2.1 Lakh*
40,2015Ford EcoSport 1.5 DV5 MT Ambiente,2015Ford EcoSport 1.5 DV5 MT Ambiente,2015Ford EcoSport 1.5 DV5 MT Ambiente,2015,Diesel,Manual,"36,160 kms",First Owner,kolkata,5.1 Lakh*
41,2018Datsun GO T Petrol,2018Datsun GO T Petrol,2018Datsun GO T Petrol,2018,Petrol,Manual,"9,000 kms",First Owner,kolkata,3.25 Lakh*
42,2015Volkswagen Vento 1.5 TDI Highline AT,2015Volkswagen Vento 1.5 TDI Highline AT,2015Volkswagen Vento 1.5 TDI Highline AT,2015,Diesel,Automatic,"65,000 kms",First Owner,kolkata,4.7 Lakh*
43,2014Datsun GO T BSIV,2014Datsun GO T BSIV,2014Datsun GO T BSIV,2014,Petrol,Manual,"9,000 kms",First Owner,kolkata,2.95 Lakh*
44,2016Honda Amaze VX i-DTEC,2016Honda Amaze VX i-DTEC,2016Honda Amaze VX i-DTEC,2016,Diesel,Manual,"70,070 kms",First Owner,kolkata,4.5 Lakh*
45,2019Mahindra KUV100 NXT G80 K2,2019Mahindra KUV100 NXT G80 K2,2019Mahindra KUV100 NXT G80 K2,2019,Petrol,Manual,"44,000 kms",First Owner,kolkata,4.41 Lakh*
46,2016Volkswagen Polo 1.5 TDI Trendline,2016Volkswagen Polo 1.5 TDI Trendline,2016Volkswagen Polo 1.5 TDI Trendline,2016,Diesel,Manual,"67,000 kms",First Owner,kolkata,3.5 Lakh*
47,2015Renault Duster 85PS Diesel RxL,2015Renault Duster 85PS Diesel RxL,2015Renault Duster 85PS Diesel RxL,2015,Diesel,Manual,"38,000 kms",First Owner,kolkata,4.75 Lakh*
48,2015Maruti Swift LDI BSIV,2015Maruti Swift LDI BSIV,2015Maruti Swift LDI BSIV,2015,Diesel,Manual,"45,000 kms",First Owner,kolkata,4.1 Lakh*
49,2013Maruti Swift VXI,2013Maruti Swift VXI,2013Maruti Swift VXI,2013,Petrol,Manual,"50,000 kms",First Owner,kolkata,3.5 Lakh*
50,2016Honda City i DTec VX Option,2016Honda City i DTec VX Option,2016Honda City i DTec VX Option,2016,Diesel,Manual,"38,000 kms",First Owner,kolkata,6.58 Lakh*
51,2008Honda City 2017-2020 GXi,2008Honda City 2017-2020 GXi,2008Honda City 2017-2020 GXi,2008,Petrol,Manual,"46,261 kms",First Owner,kolkata,2.1 Lakh*
52,2010Hyundai i10 Sportz 1.2,2010Hyundai i10 Sportz 1.2,2010Hyundai i10 Sportz 1.2,2010,Petrol,Manual,"46,935 kms",First Owner,kolkata,2.35 Lakh*
53,2009Maruti Swift Dzire Tour LXI,2009Maruti Swift Dzire Tour LXI,2009Maruti Swift Dzire Tour LXI,2009,Petrol,Manual,"42,000 kms",First Owner,kolkata,1.89 Lakh*
54,2010Maruti Wagon R VXI BS IV,2010Maruti Wagon R VXI BS IV,2010Maruti Wagon R VXI BS IV,2010,Petrol,Manual,"25,350 kms",First Owner,kolkata,1.99 Lakh*
55,2016Maruti Swift Dzire VXI 1.2 BS IV,2016Maruti Swift Dzire VXI 1.2 BS IV,2016Maruti Swift Dzire VXI 1.2 BS IV,2016,Petrol,Manual,"23,261 kms",First Owner,kolkata,5 Lakh*
56,2018Skoda Rapid 1.5 TDI AT Ambition BSIV,2018Skoda Rapid 1.5 TDI AT Ambition BSIV,2018Skoda Rapid 1.5 TDI AT Ambition BSIV,2018,Diesel,Automatic,"44,000 kms",First Owner,kolkata,7.49 Lakh*
57,2016Nissan Sunny XL CVT,2016Nissan Sunny XL CVT,2016Nissan Sunny XL CVT,2016,Petrol,Automatic,"30,030 kms",First Owner,kolkata,5 Lakh*
58,2011Nissan Micra Diesel XV,2011Nissan Micra Diesel XV,2011Nissan Micra Diesel XV,2011,Diesel,Manual,"48,055 kms",First Owner,kolkata,2.65 Lakh*
59,2005Maruti Esteem Vxi,2005Maruti Esteem Vxi,2005Maruti Esteem Vxi,2005,Petrol,Manual,"28,000 kms",First Owner,kolkata,1.25 Lakh*
60,2018Volkswagen Polo 1.2 MPI Comfortline,2018Volkswagen Polo 1.2 MPI Comfortline,2018Volkswagen Polo 1.2 MPI Comfortline,2018,Petrol,Manual,"36,796 kms",First Owner,kolkata,5.2 Lakh*
61,2006Maruti Alto LXi BSIII,2006Maruti Alto LXi BSIII,2006Maruti Alto LXi BSIII,2006,Petrol,Manual,"32,000 kms",First Owner,kolkata,"85,000*"
62,2017Maruti Vitara Brezza VDi Option,2017Maruti Vitara Brezza VDi Option,2017Maruti Vitara Brezza VDi Option,2017,Diesel,Manual,"42,154 kms",First Owner,kolkata,6.4 Lakh*
63,2009Maruti Wagon R VXI BSIII,2009Maruti Wagon R VXI BSIII,2009Maruti Wagon R VXI BSIII,2009,Petrol,Manual,"68,000 kms",First Owner,kolkata,1.75 Lakh*
64,2017Toyota Innova Crysta 2016-2020 2.4 VX MT 8 STR,2017Toyota Innova Crysta 2016-2020 2.4 VX MT 8 STR,2017Toyota Innova Crysta 2016-2020 2.4 VX MT 8 STR,2017,Diesel,Manual,"60,000 kms",First Owner,kolkata,15.5 Lakh*
65,2017Hyundai Creta 1.6 CRDi SX,2017Hyundai Creta 1.6 CRDi SX,2017Hyundai Creta 1.6 CRDi SX,2017,Diesel,Manual,"43,000 kms",First Owner,kolkata,8.55 Lakh*
66,2018Maruti Ciaz 1.3 Alpha,2018Maruti Ciaz 1.3 Alpha,2018Maruti Ciaz 1.3 Alpha,2018,Diesel,Manual,"11,000 kms",First Owner,kolkata,8.5 Lakh*
67,2016Hyundai i20 Asta Option 1.2,2016Hyundai i20 Asta Option 1.2,2016Hyundai i20 Asta Option 1.2,2016,Petrol,Manual,"24,800 kms",First Owner,kolkata,5.75 Lakh*
68,2009Maruti Alto LXi BSIII,2009Maruti Alto LXi BSIII,2009Maruti Alto LXi BSIII,2009,Petrol,Manual,"14,116 kms",First Owner,kolkata,1.55 Lakh*
69,2011BMW 5 Series 523i,2011BMW 5 Series 523i,2011BMW 5 Series 523i,2011,Petrol,Automatic,"43,425 kms",Second Owner,kolkata,11.49 Lakh*
70,2015Mitsubishi Pajero Sport 4X2 AT,2015Mitsubishi Pajero Sport 4X2 AT,2015Mitsubishi Pajero Sport 4X2 AT,2015,Diesel,Automatic,"59,000 kms",First Owner,kolkata,13.79 Lakh*
71,2014BMW X1 sDrive20d,2014BMW X1 sDrive20d,2014BMW X1 sDrive20d,2014,Diesel,Automatic,"46,000 kms",First Owner,kolkata,13.85 Lakh*
72,2015Honda City i VTEC CVT SV,2015Honda City i VTEC CVT SV,2015Honda City i VTEC CVT SV,2015,Petrol,Automatic,"28,000 kms",First Owner,kolkata,5.75 Lakh*
73,2013Chevrolet Enjoy Petrol LS 8 Seater,2013Chevrolet Enjoy Petrol LS 8 Seater,2013Chevrolet Enjoy Petrol LS 8 Seater,2013,Petrol,Manual,"13,000 kms",First Owner,kolkata,3.5 Lakh*
74,2016Honda City i DTec SV,2016Honda City i DTec SV,2016Honda City i DTec SV,2016,Diesel,Manual,"57,000 kms",First Owner,kolkata,5.5 Lakh*
75,2014Maruti Ertiga VXI ABS,2014Maruti Ertiga VXI ABS,2014Maruti Ertiga VXI ABS,2014,Petrol,Manual,"35,200 kms",First Owner,kolkata,4.85 Lakh*
76,2017Ford EcoSport 1.5 Petrol Titanium BSIV,2017Ford EcoSport 1.5 Petrol Titanium BSIV,2017Ford EcoSport 1.5 Petrol Titanium BSIV,2017,Petrol,Manual,"30,030 kms",First Owner,kolkata,6.5 Lakh*
77,2016Volkswagen Polo 2015-2019 1.2 MPI Highline,2016Volkswagen Polo 2015-2019 1.2 MPI Highline,2016Volkswagen Polo 2015-2019 1.2 MPI Highline,2016,Petrol,Manual,"56,960 kms",First Owner,kolkata,4.55 Lakh*
78,2017Hyundai i20 1.2 Spotz,2017Hyundai i20 1.2 Spotz,2017Hyundai i20 1.2 Spotz,2017,Petrol,Manual,"35,000 kms",First Owner,kolkata,5.25 Lakh*
79,2013Honda Amaze EX i-Dtech,2013Honda Amaze EX i-Dtech,2013Honda Amaze EX i-Dtech,2013,Diesel,Manual,"38,000 kms",First Owner,kolkata,3.19 Lakh*
80,2010Hyundai i10 Magna 1.2,2010Hyundai i10 Magna 1.2,2010Hyundai i10 Magna 1.2,2010,Petrol,Manual,"32,180 kms",First Owner,kolkata,2 Lakh*
81,2017Hyundai i20 1.2 Spotz,2017Hyundai i20 1.2 Spotz,2017Hyundai i20 1.2 Spotz,2017,Petrol,Manual,"34,000 kms",First Owner,kolkata,5.25 Lakh*
82,2018Maruti Alto 800 LXI,2018Maruti Alto 800 LXI,2018Maruti Alto 800 LXI,2018,Petrol,Manual,"28,175 kms",First Owner,kolkata,2.85 Lakh*
83,2015Hyundai i20 Active S Diesel,2015Hyundai i20 Active S Diesel,2015Hyundai i20 Active S Diesel,2015,Diesel,Manual,"25,225 kms",Second Owner,kolkata,5.25 Lakh*
84,2014Volkswagen Vento 1.5 TDI Highline,2014Volkswagen Vento 1.5 TDI Highline,2014Volkswagen Vento 1.5 TDI Highline,2014,Diesel,Manual,"44,000 kms",First Owner,kolkata,4.25 Lakh*
85,2014Toyota Corolla Altis G,2014Toyota Corolla Altis G,2014Toyota Corolla Altis G,2014,Petrol,Manual,"55,000 kms",First Owner,kolkata,6.85 Lakh*
86,2008BMW 5 Series 525i,2008BMW 5 Series 525i,2008BMW 5 Series 525i,2008,Petrol,Automatic,"31,400 kms",First Owner,kolkata,9.5 Lakh*
87,2013Mahindra Scorpio VLX 2WD BSIV,2013Mahindra Scorpio VLX 2WD BSIV,2013Mahindra Scorpio VLX 2WD BSIV,2013,Diesel,Manual,"64,176 kms",First Owner,kolkata,6.49 Lakh*
88,2013Renault Duster 85PS Diesel RxE,2013Renault Duster 85PS Diesel RxE,2013Renault Duster 85PS Diesel RxE,2013,Diesel,Manual,"69,000 kms",First Owner,kolkata,3.5 Lakh*
89,2010Maruti Zen Estilo LXI BSIII,2010Maruti Zen Estilo LXI BSIII,2010Maruti Zen Estilo LXI BSIII,2010,Petrol,Manual,"50,000 kms",First Owner,kolkata,1.6 Lakh*
90,2013Maruti Swift Dzire ZDI,2013Maruti Swift Dzire ZDI,2013Maruti Swift Dzire ZDI,2013,Diesel,Manual,"48,304 kms",First Owner,kolkata,4.25 Lakh*
91,2015Honda Amaze S i-Dtech,2015Honda Amaze S i-Dtech,2015Honda Amaze S i-Dtech,2015,Diesel,Manual,"32,000 kms",First Owner,kolkata,4.25 Lakh*
92,2011Honda City V AT,2011Honda City V AT,2011Honda City V AT,2011,Petrol,Automatic,"49,000 kms",First Owner,kolkata,3.55 Lakh*
93,2007Chevrolet Aveo 1.4 LS,2007Chevrolet Aveo 1.4 LS,2007Chevrolet Aveo 1.4 LS,2007,Petrol,Manual,"39,568 kms",First Owner,kolkata,1.99 Lakh*
94,2019Honda Amaze 2016-2021 VX CVT Petrol BSIV,2019Honda Amaze 2016-2021 VX CVT Petrol BSIV,2019Honda Amaze 2016-2021 VX CVT Petrol BSIV,2019,Petrol,Automatic,"3,000 kms",First Owner,kolkata,7.5 Lakh*
95,2015Mahindra Bolero 2011-2019 SLX,2015Mahindra Bolero 2011-2019 SLX,2015Mahindra Bolero 2011-2019 SLX,2015,Diesel,Manual,"1,39,139 kms",First Owner,kolkata,4.75 Lakh*
96,2016Maruti Swift LDI BSIV,2016Maruti Swift LDI BSIV,2016Maruti Swift LDI BSIV,2016,Diesel,Manual,"1,30,130 kms",First Owner,kolkata,3.95 Lakh*
97,2016Toyota Innova Crysta 2016-2020 2.4 ZX MT BSIV,2016Toyota Innova Crysta 2016-2020 2.4 ZX MT BSIV,2016Toyota Innova Crysta 2016-2020 2.4 ZX MT BSIV,2016,Diesel,Manual,"35,000 kms",First Owner,kolkata,16.75 Lakh*
98,2015Honda City i VTEC SV,2015Honda City i VTEC SV,2015Honda City i VTEC SV,2015,Petrol,Manual,"34,295 kms",First Owner,kolkata,5.65 Lakh*
99,2016Volkswagen Ameo 1.2 MPI Highline,2016Volkswagen Ameo 1.2 MPI Highline,2016Volkswagen Ameo 1.2 MPI Highline,2016,Petrol,Manual,"32,000 kms",First Owner,kolkata,4.75 Lakh*
